id,user_name,category_url,category_name,pages_loaded,load_time,load_date,load_time_start,load_time_end,items_count,max_bonus_percent
24,user1,https://megamarket.ru/catalog/mobilnye-telefony/,Мобильные телефоны,1032,2022.0,2024-08-06 15:10:51,2024-08-06 14:37:10,2024-08-06 15:10:51,45382,35.0
25,user1,https://megamarket.ru/catalog/umnye-chasy/,Смарт-часы,423,863.0,2024-08-06 15:25:16,2024-08-06 15:10:53,2024-08-06 15:25:16,18526,46.0
26,user1,https://megamarket.ru/catalog/fitnes-braslety/,Фитнес браслеты,32,66.0,2024-08-06 15:26:23,2024-08-06 15:25:17,2024-08-06 15:26:23,1364,25.0
27,user1,https://megamarket.ru/catalog/naushniki/,Наушники,764,1736.0,2024-08-06 15:55:19,2024-08-06 15:26:23,2024-08-06 15:55:19,18296,51.0
28,user1,https://megamarket.ru/catalog/besprovodnye-zaryadnye-ustrojstva/,Беспроводные зарядные устройства,73,125.0,2024-08-06 15:57:25,2024-08-06 15:55:20,2024-08-06 15:57:25,3205,74.0
29,user1,https://megamarket.ru/catalog/setevye-zaryadnye-ustrojstva/,Сетевые зарядные устройства,272,500.0,2024-08-06 16:05:47,2024-08-06 15:57:26,2024-08-06 16:05:47,11938,50.0
30,user1,https://megamarket.ru/catalog/dok-stancii-dlya-telefonov/,Док-станции для телефонов,6,10.0,2024-08-06 16:05:57,2024-08-06 16:05:48,2024-08-06 16:05:57,240,16.0
31,user1,https://megamarket.ru/catalog/vneshnie-akkumulyatory/,Внешние аккумуляторы (Power bank),223,415.0,2024-08-06 16:12:53,2024-08-06 16:05:58,2024-08-06 16:12:53,9731,35.0
32,user1,https://megamarket.ru/catalog/kabeli-i-perehodniki-dlya-telefona/,Кабели и адаптеры для мобильных телефонов,450,833.0,2024-08-06 16:26:47,2024-08-06 16:12:54,2024-08-06 16:26:47,19746,38.0
33,user1,https://megamarket.ru/catalog/derzhateli-dlya-telefona-v-mashinu/,Держатели для телефонов в машину,238,395.0,2024-08-06 16:33:23,2024-08-06 16:26:48,2024-08-06 16:33:23,10318,52.0
34,user1,https://megamarket.ru/catalog/nastolnye-derzhateli-dlya-telefonov/,Настольные держатели для телефонов,22,33.0,2024-08-06 16:33:57,2024-08-06 16:33:24,2024-08-06 16:33:57,944,39.0
35,user1,https://megamarket.ru/catalog/popsokety/,Попсокеты,34,56.0,2024-08-06 16:34:53,2024-08-06 16:33:58,2024-08-06 16:34:53,1476,35.0
36,user1,https://megamarket.ru/catalog/aksessuary-dlya-selfi/,Аксессуары для селфи,20,31.0,2024-08-06 16:35:25,2024-08-06 16:34:54,2024-08-06 16:35:25,846,36.0
37,user1,https://megamarket.ru/catalog/geympady-dlya-smartfonov/,Джойстики для смартфонов,20,32.0,2024-08-06 16:35:58,2024-08-06 16:35:25,2024-08-06 16:35:58,864,32.0
38,user1,https://megamarket.ru/catalog/flesh-karty-dlya-smartfonov/,Флеш-карты для смартфонов,33,55.0,2024-08-06 16:36:53,2024-08-06 16:35:58,2024-08-06 16:36:53,1414,16.0
39,user1,https://megamarket.ru/catalog/ochki-virtualnoy-realnosti-dlya-smartfona/,Очки виртуальной реальности для смартфона,12,19.0,2024-08-06 16:37:12,2024-08-06 16:36:54,2024-08-06 16:37:12,513,35.0
40,user1,https://megamarket.ru/catalog/besprovodnye-metki/,Беспроводные метки,23,31.0,2024-08-06 16:37:44,2024-08-06 16:37:13,2024-08-06 16:37:44,975,20.0
41,user1,https://megamarket.ru/catalog/planshety/,Планшеты,249,467.0,2024-08-06 16:45:32,2024-08-06 16:37:45,2024-08-06 16:45:32,10910,39.0
42,user1,https://megamarket.ru/catalog/chehly-dlya-planshetov/,Чехлы для планшетов,138,253.0,2024-08-06 16:49:45,2024-08-06 16:45:33,2024-08-06 16:49:45,6029,37.0
43,user1,https://megamarket.ru/catalog/kabeli-i-zaryadnye-ustrojstva-dlya-planshetov/,Зарядные устройства для планшетов,273,498.0,2024-08-06 16:58:04,2024-08-06 16:49:46,2024-08-06 16:58:04,11968,50.0
44,user1,https://megamarket.ru/catalog/kabel-dlya-plansheta/,Кабели для планшетов,604,1082.0,2024-08-06 17:16:08,2024-08-06 16:58:05,2024-08-06 17:16:08,26464,41.0
45,user1,https://megamarket.ru/catalog/derzhateli-dlya-planshetov/,Подставки для планшетов,12,19.0,2024-08-06 17:16:27,2024-08-06 17:16:08,2024-08-06 17:16:27,502,36.0
46,user1,https://megamarket.ru/catalog/derzhateli-planshetov/,Держатели планшетов,8,13.0,2024-08-06 17:16:41,2024-08-06 17:16:28,2024-08-06 17:16:41,319,50.0
47,user1,https://megamarket.ru/catalog/stilusy/,Стилусы,23,37.0,2024-08-06 17:20:54,2024-08-06 17:20:17,2024-08-06 17:20:54,991,49.0
48,user1,https://megamarket.ru/catalog/sistemnye-bloki/,Системные блоки,432,1024.0,2024-08-06 17:37:59,2024-08-06 17:20:55,2024-08-06 17:37:59,19008,26.0
49,user1,https://megamarket.ru/catalog/monitory/,Мониторы для компьютера,561,1085.0,2024-08-06 17:56:05,2024-08-06 17:38:00,2024-08-06 17:56:05,24676,21.0
50,user1,https://megamarket.ru/catalog/operativnaya-pamyat/,Оперативная память (ОЗУ),2084,3320.0,2024-08-06 19:32:42,2024-08-06 18:37:21,2024-08-06 19:32:42,50016,25.0
51,user1,https://megamarket.ru/catalog/igrovye-processory/,Игровые процессоры,81,124.0,2024-08-06 19:34:47,2024-08-06 19:32:43,2024-08-06 19:34:47,3522,18.0
52,user1,https://megamarket.ru/catalog/materinskie-platy/,Материнские платы,353,682.0,2024-08-06 19:46:09,2024-08-06 19:34:48,2024-08-06 19:46:09,15516,35.0
53,user1,https://megamarket.ru/catalog/zhestkie-diski/,Жесткие диски для компьютера,527,722.0,2024-08-06 21:31:22,2024-08-06 21:19:20,2024-08-06 21:31:22,12640,25.0
54,user1,https://megamarket.ru/catalog/processory/,Процессоры,396,573.0,2024-08-06 21:40:56,2024-08-06 21:31:23,2024-08-06 21:40:56,9486,18.0
55,user1,https://megamarket.ru/catalog/kulery-dlya-processora/,Кулеры для процессора,303,504.0,2024-08-06 21:49:21,2024-08-06 21:40:57,2024-08-06 21:49:21,13308,25.0
56,user1,https://megamarket.ru/catalog/korpusnyy-ventilyator/,Вентиляторы для компьютера,211,350.0,2024-08-06 21:55:13,2024-08-06 21:49:22,2024-08-06 21:55:13,9250,25.0
57,user1,https://megamarket.ru/catalog/korpusa-dlya-kompyutera/,Корпуса для компьютера,719,1371.0,2024-08-06 22:18:05,2024-08-06 21:55:14,2024-08-06 22:18:05,31591,19.0
58,user1,https://megamarket.ru/catalog/bloki-pitaniya-dlya-kompyutera/,Блоки питания для компьютера,3,90.0,2024-08-06 22:38:18,2024-08-06 22:36:49,2024-08-06 22:38:18,132,37.0
59,user1,https://megamarket.ru/catalog/zvukovye-karty/,Звуковые карты,29,98.0,2024-08-06 22:39:58,2024-08-06 22:38:20,2024-08-06 22:39:58,1259,36.0
60,user1,https://megamarket.ru/catalog/aksessuary-dlya-nakopiteley/,Аксессуары для накопителей,109,180.0,2024-08-06 22:42:58,2024-08-06 22:39:59,2024-08-06 22:42:58,4780,37.0
61,user1,https://megamarket.ru/catalog/setevye-karty/,Сетевые карты (адаптеры),92,141.0,2024-08-06 22:45:21,2024-08-06 22:43:00,2024-08-06 22:45:21,4008,35.0
62,user1,https://megamarket.ru/catalog/igrovye-videokarty/,Игровые видеокарты,32,54.0,2024-08-06 22:46:16,2024-08-06 22:45:22,2024-08-06 22:46:16,1372,35.0
63,user1,https://megamarket.ru/catalog/hdd-i-ssd/,SSD и HDD,1077,1947.0,2024-08-06 23:18:44,2024-08-06 22:46:17,2024-08-06 23:18:44,47364,25.0
65,user1,https://megamarket.ru/catalog/igrovaya-operativnaya-pamyat/,Игровая оперативная память,222,406.0,2024-08-06 23:25:32,2024-08-06 23:18:46,2024-08-06 23:25:32,9753,18.0
66,user1,https://megamarket.ru/catalog/igrovye-materinskie-platy/,Игровые материнские платы,109,220.0,2024-08-06 23:29:13,2024-08-06 23:25:33,2024-08-06 23:29:13,4775,18.0
67,user1,https://megamarket.ru/catalog/igrovye-korpusa-dlya-pk/,Корпуса для ПК игровые,254,511.0,2024-08-06 23:37:44,2024-08-06 23:29:14,2024-08-06 23:37:44,11159,19.0
68,user1,https://megamarket.ru/catalog/karty-videozahvata/,Карты захвата,9,39.0,2024-08-06 23:38:25,2024-08-06 23:37:46,2024-08-06 23:38:25,373,18.0
69,user1,https://megamarket.ru/catalog/veb-kamery-dlya-strimov/,Веб-камеры для стримов,15,47.0,2024-08-06 23:39:13,2024-08-06 23:38:26,2024-08-06 23:39:13,659,18.0
70,user1,https://megamarket.ru/catalog/mikrofony-dlya-strimov/,Микрофоны для стримов,30,74.0,2024-08-06 23:40:27,2024-08-06 23:39:13,2024-08-06 23:40:27,1287,38.0
71,user1,https://megamarket.ru/catalog/igrovye-bloki-pitaniya/,Игровые блоки питания,145,273.0,2024-08-06 23:45:02,2024-08-06 23:40:28,2024-08-06 23:45:02,6337,18.0
72,user1,https://megamarket.ru/catalog/monobloki/,Моноблоки,79,146.0,2024-08-06 23:47:29,2024-08-06 23:45:03,2024-08-06 23:47:29,3442,18.0
73,user1,https://megamarket.ru/catalog/vneshnie-zhestkie-diski/,Внешние жесткие диски,243,320.0,2024-08-06 23:52:50,2024-08-06 23:47:30,2024-08-06 23:52:50,5812,16.0
74,user1,https://megamarket.ru/catalog/vneshnie-zhestkie-diski-ssd/,Внешние жесткие диски SSD,100,171.0,2024-08-06 23:55:42,2024-08-06 23:52:51,2024-08-06 23:55:42,4395,16.0
75,user1,https://megamarket.ru/catalog/klaviatury/,Клавиатуры,448,851.0,2024-08-07 00:09:54,2024-08-06 23:55:43,2024-08-07 00:09:54,19656,55.0
76,user1,https://megamarket.ru/catalog/komplekty-klaviaturamysh/,Комплекты клавиатура и мышь,170,330.0,2024-08-07 00:15:25,2024-08-07 00:09:55,2024-08-07 00:15:25,7455,42.0
77,user1,https://megamarket.ru/catalog/myshi-kompyuternye/,Мыши компьютерные,858,1599.0,2024-08-07 00:42:07,2024-08-07 00:15:27,2024-08-07 00:42:07,37740,44.0
79,user1,https://megamarket.ru/catalog/kompyuternye-kolonki/,Колонки для компьютера,226,401.0,2024-08-07 00:48:49,2024-08-07 00:42:08,2024-08-07 00:48:49,9934,58.0
80,user1,https://megamarket.ru/catalog/kompyuternye-garnitury/,Компьютерные гарнитуры,428,772.0,2024-08-07 01:01:42,2024-08-07 00:48:50,2024-08-07 01:01:42,18787,49.0
81,user1,https://megamarket.ru/catalog/drugie-aksessuary-dlya-kompyuterov/,Другие аксессуары для компьютеров,133,217.0,2024-08-07 01:05:19,2024-08-07 01:01:43,2024-08-07 01:05:19,5833,38.0
82,user1,https://megamarket.ru/catalog/kabeli-dlya-kompyutera/,Кабели для компьютера,246,642.0,2024-08-07 01:16:02,2024-08-07 01:05:21,2024-08-07 01:16:02,10822,51.0
83,user1,https://megamarket.ru/catalog/web-kamery/,Веб-камеры,88,149.0,2024-08-07 01:18:32,2024-08-07 01:16:03,2024-08-07 01:18:32,3864,18.0
84,user1,https://megamarket.ru/catalog/istochniki-besperebojnogo-pitaniya/,Источники бесперебойного питания (UPS),457,790.0,2024-08-07 01:31:44,2024-08-07 01:18:33,2024-08-07 01:31:44,19987,18.0
85,user1,https://megamarket.ru/catalog/graficheskie-planshety/,Графические планшеты,38,71.0,2024-08-07 01:32:56,2024-08-07 01:31:45,2024-08-07 01:32:56,1663,35.0
86,user1,https://megamarket.ru/catalog/igrovye-myshi/,Игровые мыши,196,357.0,2024-08-07 01:38:55,2024-08-07 01:32:57,2024-08-07 01:38:55,8611,44.0
87,user1,https://megamarket.ru/catalog/igrovye-klaviatury/,Игровые клавиатуры,142,248.0,2024-08-07 01:43:04,2024-08-07 01:38:56,2024-08-07 01:43:04,6217,55.0
88,user1,https://megamarket.ru/catalog/komplekty-igrovyh-klaviatur-i-myshek/,Комплекты игровых клавиатур и мышек,16,30.0,2024-08-07 01:43:35,2024-08-07 01:43:05,2024-08-07 01:43:35,692,42.0
89,user1,https://megamarket.ru/catalog/igrovye-naushniki/,Игровые наушники,145,258.0,2024-08-07 01:47:54,2024-08-07 01:43:36,2024-08-07 01:47:54,6343,37.0
91,user1,https://megamarket.ru/catalog/gejmpady-ruli-i-dzhojstiki/,Джойстики,36,64.0,2024-08-07 01:49:00,2024-08-07 01:47:55,2024-08-07 01:49:00,1563,32.0
92,user1,https://megamarket.ru/catalog/igrovye-ruli/,Игровые рули,15,35.0,2024-08-07 01:49:36,2024-08-07 01:49:01,2024-08-07 01:49:36,627,35.0
93,user1,https://megamarket.ru/catalog/ochki-dlya-geymerov/,Очки для геймеров,22,38.0,2024-08-07 01:50:15,2024-08-07 01:49:37,2024-08-07 01:50:15,936,37.0
94,user1,https://megamarket.ru/catalog/soft/,Программное обеспечение,45,67.0,2024-08-07 01:51:23,2024-08-07 01:50:16,2024-08-07 01:51:23,1063,19.0
95,user1,https://megamarket.ru/catalog/wi-fi-routery/,Wi-Fi роутеры,336,612.0,2024-08-07 02:01:36,2024-08-07 01:51:24,2024-08-07 02:01:36,14757,35.0
96,user1,https://megamarket.ru/catalog/kommutatory/,Коммутаторы (свитчи),363,619.0,2024-08-07 02:11:56,2024-08-07 02:01:37,2024-08-07 02:11:56,15967,21.0
97,user1,https://megamarket.ru/catalog/modemy/,Модемы,20,38.0,2024-08-07 02:12:35,2024-08-07 02:11:57,2024-08-07 02:12:35,846,25.0
98,user1,https://megamarket.ru/catalog/priemniki-wi-fi/,Wi-Fi адаптеры,112,159.0,2024-08-07 02:15:15,2024-08-07 02:12:36,2024-08-07 02:15:15,2675,35.0
99,user1,https://megamarket.ru/catalog/usiliteli-internet-signala-1841990/,Усилители сигнала,70,112.0,2024-08-07 02:17:08,2024-08-07 02:15:16,2024-08-07 02:17:08,2760,30.0
100,user1,https://megamarket.ru/catalog/setevye-hranilisha/,Сетевые хранилища (NAS),25,38.0,2024-08-07 02:17:47,2024-08-07 02:17:09,2024-08-07 02:17:47,1077,21.0
101,user1,https://megamarket.ru/catalog/retranslyatory-wi-fi-signala/,Wi-Fi репитеры,48,85.0,2024-08-07 02:19:14,2024-08-07 02:17:49,2024-08-07 02:19:14,2068,35.0
102,user1,https://megamarket.ru/catalog/powerline-adaptery/,Powerline (PLC) адаптеры,12,20.0,2024-08-07 02:19:35,2024-08-07 02:19:15,2024-08-07 02:19:35,491,21.0
104,user1,https://megamarket.ru/catalog/tochki-dostupa-wi-fi/,Точки доступа Wi-Fi,94,158.0,2024-08-07 02:22:14,2024-08-07 02:19:36,2024-08-07 02:22:14,4095,21.0
105,user1,https://megamarket.ru/catalog/aksessuary-dlya-setevogo-oborudovaniya/,Аксессуары для сетевого оборудования,114,187.0,2024-08-07 02:25:22,2024-08-07 02:22:15,2024-08-07 02:25:22,5000,26.0
106,user1,https://megamarket.ru/catalog/mfu/,МФУ (многофункциональные принтеры),198,378.0,2024-08-07 02:31:41,2024-08-07 02:25:23,2024-08-07 02:31:41,8561,35.0
107,user1,https://megamarket.ru/catalog/printery/,Принтеры,199,349.0,2024-08-07 02:37:31,2024-08-07 02:31:42,2024-08-07 02:37:31,8672,35.0
108,user1,https://megamarket.ru/catalog/skanery/,Сканеры,38,66.0,2024-08-07 02:38:38,2024-08-07 02:37:32,2024-08-07 02:38:38,1645,21.0
109,user1,https://megamarket.ru/catalog/shredery/,Шредеры (уничтожители документов),102,165.0,2024-08-07 02:41:25,2024-08-07 02:38:40,2024-08-07 02:41:25,4447,21.0
110,user1,https://megamarket.ru/catalog/servernye-processory/,Серверные процессоры,25,35.0,2024-08-07 02:42:01,2024-08-07 02:41:26,2024-08-07 02:42:01,1081,18.0
111,user1,https://megamarket.ru/catalog/servernye-materinskie-platy/,Серверные материнские платы,13,47.0,2024-08-07 02:42:49,2024-08-07 02:42:03,2024-08-07 02:42:49,531,18.0
112,user1,https://megamarket.ru/catalog/servernaya-operativnaya-pamyat/,Серверная оперативная память,44,72.0,2024-08-07 02:44:02,2024-08-07 02:42:51,2024-08-07 02:44:02,1911,18.0
113,user1,https://megamarket.ru/catalog/servernye-ssd-diski/,Серверные SSD диски,42,70.0,2024-08-07 02:45:14,2024-08-07 02:44:04,2024-08-07 02:45:14,1824,18.0
114,user1,https://megamarket.ru/catalog/servernye-platformy/,Серверные платформы,14,26.0,2024-08-07 02:45:42,2024-08-07 02:45:15,2024-08-07 02:45:42,601,19.0
115,user1,https://megamarket.ru/catalog/pci-e-raid-kontrollery/,PCI-e RAID контроллеры,97,142.0,2024-08-07 02:48:05,2024-08-07 02:45:43,2024-08-07 02:48:05,4242,25.0
116,user1,https://megamarket.ru/catalog/mediakonvertery/,Медиаконвертеры,101,147.0,2024-08-07 02:50:34,2024-08-07 02:48:06,2024-08-07 02:50:34,4434,35.0
117,user1,https://megamarket.ru/catalog/servernye-shkafy/,Серверные шкафы,138,213.0,2024-08-07 02:54:08,2024-08-07 02:50:35,2024-08-07 02:54:08,5897,16.0
118,user1,https://megamarket.ru/catalog/aksessuary-dlya-serverov/,Аксессуары для серверов,349,544.0,2024-08-07 03:03:13,2024-08-07 02:54:09,2024-08-07 03:03:13,15313,30.0
119,user1,https://megamarket.ru/catalog/servernye-hdd-diski/,Серверные HDD диски,148,237.0,2024-08-07 03:07:11,2024-08-07 03:03:14,2024-08-07 03:07:11,6476,25.0
120,user1,https://megamarket.ru/catalog/servernye-bloki-pitaniya/,Серверные блоки питания,103,176.0,2024-08-07 03:10:08,2024-08-07 03:07:13,2024-08-07 03:10:08,4505,16.0
122,user1,https://megamarket.ru/catalog/videokarty-dlya-mayninga/,Видеокарты для майнинга,2,4.0,2024-08-07 03:10:14,2024-08-07 03:10:10,2024-08-07 03:10:14,62,35.0
123,user1,https://megamarket.ru/catalog/apparatnye-kriptokoshelki/,Аппаратные криптокошельки,3,5.0,2024-08-07 03:10:20,2024-08-07 03:10:15,2024-08-07 03:10:20,117,13.0
124,user1,https://megamarket.ru/catalog/materinskie-platy-dlya-mayninga/,Материнские платы для майнинга (Многопроцессорные),4,8.0,2024-08-07 03:10:30,2024-08-07 03:10:22,2024-08-07 03:10:30,139,18.0
125,user1,https://megamarket.ru/catalog/bloki-pitaniya-dlya-mayninga/,Блоки питания для майнинга,30,61.0,2024-08-07 03:11:31,2024-08-07 03:10:31,2024-08-07 03:11:31,1284,18.0
126,user1,https://megamarket.ru/catalog/asic-maynery/,ASIC майнеры,4,8.0,2024-08-07 03:11:40,2024-08-07 03:11:32,2024-08-07 03:11:40,133,11.0
127,user1,https://megamarket.ru/catalog/aksessuary-dlya-mayninga/,Аксессуары для майнинга,7,13.0,2024-08-07 03:11:54,2024-08-07 03:11:41,2024-08-07 03:11:54,299,16.0
128,user1,https://megamarket.ru/catalog/televizory-sber/,Телевизоры SBER,4,28.0,2024-08-07 03:12:23,2024-08-07 03:11:55,2024-08-07 03:12:23,141,30.0
129,user1,https://megamarket.ru/catalog/kronshtejny-i-stojki-dlya-televizorov/,Стойки и кронштейны для телевизоров,640,1251.0,2024-08-07 03:33:15,2024-08-07 03:12:24,2024-08-07 03:33:15,27863,45.0
130,user1,https://megamarket.ru/catalog/usiliteli-hi-fi/,Усилители звука,46,71.0,2024-08-07 03:34:28,2024-08-07 03:33:17,2024-08-07 03:34:28,1984,30.0
131,user1,https://megamarket.ru/catalog/av-resivery/,AV ресиверы,11,23.0,2024-08-07 03:34:51,2024-08-07 03:34:29,2024-08-07 03:34:51,444,30.0
132,user1,https://megamarket.ru/catalog/passivnye-kolonki/,Пассивные колонки,90,168.0,2024-08-07 03:37:40,2024-08-07 03:34:53,2024-08-07 03:37:40,3934,20.0
134,user1,https://megamarket.ru/catalog/aktivnye-kolonki/,Активная акустическая система,45,80.0,2024-08-07 03:39:02,2024-08-07 03:37:42,2024-08-07 03:39:02,1952,30.0
135,user1,https://megamarket.ru/catalog/sabvufery/,Сабвуферы,26,41.0,2024-08-07 03:39:44,2024-08-07 03:39:03,2024-08-07 03:39:44,1108,15.0
136,user1,https://megamarket.ru/catalog/nabory-i-komplekty-akustiki/,Наборы и комплекты акустики,45,73.0,2024-08-07 03:40:59,2024-08-07 03:39:45,2024-08-07 03:40:59,1961,30.0
137,user1,https://megamarket.ru/catalog/proigryvateli-vinilovyh-diskov/,Проигрыватели виниловых пластинок,27,54.0,2024-08-07 03:41:54,2024-08-07 03:41:00,2024-08-07 03:41:54,1165,16.0
138,user1,https://megamarket.ru/catalog/vinilovye-plastinki/,Виниловые пластинки,1102,2067.0,2024-08-07 04:16:22,2024-08-07 03:41:55,2024-08-07 04:16:22,48462,16.0
139,user1,https://megamarket.ru/catalog/prochaya-hi-fi-tehnika-i-aksessuary/,Аксессуары к Hi-Fi технике,505,924.0,2024-08-07 04:31:48,2024-08-07 04:16:24,2024-08-07 04:31:48,22198,36.0
140,user1,https://megamarket.ru/catalog/capy/,Цифро-аналоговые преобразователи (ЦАПы),8,16.0,2024-08-07 04:32:06,2024-08-07 04:31:50,2024-08-07 04:32:06,348,15.0
141,user1,https://megamarket.ru/catalog/domashnie-kinoteatry/,Домашние кинотеатры,82,143.0,2024-08-07 04:34:30,2024-08-07 04:32:08,2024-08-07 04:34:30,3589,35.0
142,user1,https://megamarket.ru/catalog/proektory/,Проекторы (Видеопроекторы),105,206.0,2024-08-07 04:37:58,2024-08-07 04:34:32,2024-08-07 04:37:58,4594,35.0
143,user1,https://megamarket.ru/catalog/aksessuary-dlya-proektorov/,Аксессуары для проекторов,59,108.0,2024-08-07 04:39:47,2024-08-07 04:37:59,2024-08-07 04:39:47,2568,19.0
144,user1,https://megamarket.ru/catalog/ekrany-dlya-proektorov/,Экраны для проекторов,63,119.0,2024-08-07 04:41:48,2024-08-07 04:39:49,2024-08-07 04:41:48,2735,21.0
145,user1,https://megamarket.ru/catalog/elektronnye-knigi/,Электронные книги,17,30.0,2024-08-07 04:42:18,2024-08-07 04:41:49,2024-08-07 04:42:18,730,17.0
147,user1,https://megamarket.ru/catalog/igrovye-pristavki-nintendo/,Игровые приставки Nintendo,25,44.0,2024-08-07 04:43:04,2024-08-07 04:42:20,2024-08-07 04:43:04,1093,35.0
148,user1,https://megamarket.ru/catalog/igrovye-pristavki-xbox/,Игровые приставки Xbox,13,22.0,2024-08-07 04:43:27,2024-08-07 04:43:05,2024-08-07 04:43:27,571,35.0
149,user1,https://megamarket.ru/catalog/geympady/,Геймпады,114,200.0,2024-08-07 04:46:48,2024-08-07 04:43:28,2024-08-07 04:46:48,5006,35.0
150,user1,https://megamarket.ru/catalog/aksessuary-dlya-igrovyh-pristavok/,Аксессуары для консолей,90,149.0,2024-08-07 04:49:19,2024-08-07 04:46:50,2024-08-07 04:49:19,3913,36.0
151,user1,https://megamarket.ru/catalog/igry-dlya-playstation/,Игры для PlayStation,497,953.0,2024-08-07 05:05:14,2024-08-07 04:49:20,2024-08-07 05:05:14,21769,24.0
152,user1,https://megamarket.ru/catalog/igry-dlya-xbox/,Игры для Xbox,82,134.0,2024-08-07 05:07:29,2024-08-07 05:05:15,2024-08-07 05:07:29,3594,24.0
153,user1,https://megamarket.ru/catalog/igry-dlya-nintendo/,Игры на Nintendo,145,244.0,2024-08-07 05:11:35,2024-08-07 05:07:30,2024-08-07 05:11:35,6317,20.0
154,user1,https://megamarket.ru/catalog/kollekcionnye-figurki/,Коллекционные фигурки,220,357.0,2024-08-07 05:17:34,2024-08-07 05:11:36,2024-08-07 05:17:34,9632,36.0
155,user1,https://megamarket.ru/catalog/kollekcionnye-predmety/,Коллекционные предметы,31,48.0,2024-08-07 05:18:24,2024-08-07 05:17:36,2024-08-07 05:18:24,1342,29.0
156,user1,https://megamarket.ru/catalog/fotoapparaty/,Цифровые фотоаппараты,35,57.0,2024-08-07 05:19:22,2024-08-07 05:18:25,2024-08-07 05:19:22,1495,16.0
157,user1,https://megamarket.ru/catalog/obuektivy-dlya-fotoapparatov/,Фотообъективы,47,76.0,2024-08-07 05:20:40,2024-08-07 05:19:24,2024-08-07 05:20:40,2056,20.0
158,user1,https://megamarket.ru/catalog/svetofiltry/,Светофильтры,67,113.0,2024-08-07 05:22:35,2024-08-07 05:20:42,2024-08-07 05:22:35,2935,20.0
159,user1,https://megamarket.ru/catalog/karty-pamyati/,Карты памяти,198,324.0,2024-08-07 05:28:00,2024-08-07 05:22:37,2024-08-07 05:28:00,8692,36.0
160,user1,https://megamarket.ru/catalog/akkumulyatory-dlya-fotoapparatov/,Аккумуляторы для фотоаппаратов,38,60.0,2024-08-07 05:29:02,2024-08-07 05:28:02,2024-08-07 05:29:02,1644,16.0
161,user1,https://megamarket.ru/catalog/aksessuary-dlya-fotooborudovaniya/,Аксессуары для фотооборудования,104,166.0,2024-08-07 05:31:50,2024-08-07 05:29:03,2024-08-07 05:31:50,4568,36.0
162,user1,https://megamarket.ru/catalog/prochie-aksessuary-dlya-fotoapparatov/,Прочие аксессуары для фотоаппаратов,6,9.0,2024-08-07 05:32:00,2024-08-07 05:31:51,2024-08-07 05:32:00,230,13.0
163,user1,https://megamarket.ru/catalog/fotovspyshki/,Фотовспышки,11,20.0,2024-08-07 05:32:21,2024-08-07 05:32:02,2024-08-07 05:32:21,477,16.0
164,user1,https://megamarket.ru/catalog/ekshn-kamery-i-aksessuary/,Экшн-камеры и аксессуары,79,133.0,2024-08-07 05:34:35,2024-08-07 05:32:23,2024-08-07 05:34:35,3459,46.0
165,user1,https://megamarket.ru/catalog/videokamery/,Видеокамеры,4,7.0,2024-08-07 05:34:44,2024-08-07 05:34:37,2024-08-07 05:34:44,153,17.0
166,user1,https://megamarket.ru/catalog/postoyannyy-svet/,Постоянный свет,52,89.0,2024-08-07 05:36:15,2024-08-07 05:34:46,2024-08-07 05:36:15,2272,19.0
167,user1,https://megamarket.ru/catalog/impulsnyy-svet/,Импульсный свет,11,19.0,2024-08-07 05:36:36,2024-08-07 05:36:16,2024-08-07 05:36:36,481,16.0
168,user1,https://megamarket.ru/catalog/kolcevoy-svet/,Кольцевые лампы,24,52.0,2024-08-07 05:37:29,2024-08-07 05:36:37,2024-08-07 05:37:29,1051,37.0
169,user1,https://megamarket.ru/catalog/fotozont/,Фотозонты,6,10.0,2024-08-07 05:37:41,2024-08-07 05:37:31,2024-08-07 05:37:41,226,16.0
170,user1,https://megamarket.ru/catalog/softboks/,Софтбоксы,13,27.0,2024-08-07 05:38:09,2024-08-07 05:37:42,2024-08-07 05:38:09,558,16.0
171,user1,https://megamarket.ru/catalog/fony/,Фотофоны,43,75.0,2024-08-07 05:39:26,2024-08-07 05:38:11,2024-08-07 05:39:26,1856,36.0
172,user1,https://megamarket.ru/catalog/fotoboksy/,Фотобоксы,10,15.0,2024-08-07 05:39:43,2024-08-07 05:39:27,2024-08-07 05:39:43,404,19.0
173,user1,https://megamarket.ru/catalog/sinhronizatory/,Синхронизаторы,7,14.0,2024-08-07 05:39:58,2024-08-07 05:39:44,2024-08-07 05:39:58,284,16.0
174,user1,https://megamarket.ru/catalog/demonstracionnye-podstavki/,Демонстрационные подставки,2,3.0,2024-08-07 05:40:02,2024-08-07 05:39:59,2024-08-07 05:40:02,72,36.0
175,user1,https://megamarket.ru/catalog/otrazhatel/,Отражатели и рефлекторы,22,30.0,2024-08-07 05:40:34,2024-08-07 05:40:04,2024-08-07 05:40:34,960,35.0
176,user1,https://megamarket.ru/catalog/monopody-dlya-fotoapparatov/,Моноподы для фотоаппаратов,5,8.0,2024-08-07 05:40:44,2024-08-07 05:40:35,2024-08-07 05:40:44,197,19.0
177,user1,https://megamarket.ru/catalog/shtativy/,Штативы для фотоаппаратов,39,84.0,2024-08-07 05:42:10,2024-08-07 05:40:45,2024-08-07 05:42:10,1697,35.0
178,user1,https://megamarket.ru/catalog/stabilizatory-dlya-fotoapparatov/,Стабилизаторы для фотоаппаратов,11,17.0,2024-08-07 05:42:28,2024-08-07 05:42:11,2024-08-07 05:42:28,451,35.0
179,user1,https://megamarket.ru/catalog/sumki-i-ryukzaki-dlya-fototehniki/,Сумки и рюкзаки для фототехники,32,53.0,2024-08-07 05:43:23,2024-08-07 05:42:29,2024-08-07 05:43:23,1379,40.0
180,user1,https://megamarket.ru/catalog/radioupravlyaemye-ustrojstva/,Радиоуправляемые модели,40,69.0,2024-08-07 05:44:33,2024-08-07 05:43:24,2024-08-07 05:44:33,1730,55.0
181,user1,https://megamarket.ru/catalog/cifrovye-fotoramki/,Цифровые фоторамки,6,11.0,2024-08-07 05:44:46,2024-08-07 05:44:35,2024-08-07 05:44:46,239,11.0
182,user1,https://megamarket.ru/catalog/tovary-dlya-kureniya-i-elektronnye-sigarety/,Товары для курения и электронные сигареты,7,10.0,2024-08-07 05:44:57,2024-08-07 05:44:47,2024-08-07 05:44:57,237,25.0
183,user1,https://megamarket.ru/catalog/aksessuary-dlya-playstation/,Аксессуары для PS,22,37.0,2024-08-07 05:45:36,2024-08-07 05:44:59,2024-08-07 05:45:36,939,35.0
184,user1,https://megamarket.ru/catalog/podveski-i-kulony-serebryanye/,Серебряные подвески,76,148.0,2024-08-07 05:48:05,2024-08-07 05:45:37,2024-08-07 05:48:05,4107,30.0
185,user1,https://megamarket.ru/catalog/igrushki-i-tonneli-dlya-koshek/,Игрушки и тоннели для кошек,281,462.0,2024-08-07 05:55:48,2024-08-07 05:48:06,2024-08-07 05:55:48,12349,59.0
186,user1,https://megamarket.ru/catalog/primanki-dlya-ohoty/,Приманки для охоты,2,6.0,2024-08-07 05:55:56,2024-08-07 05:55:50,2024-08-07 05:55:56,12,20.0
187,user1,https://megamarket.ru/catalog/detskie-tovary-dlya-plavaniya/,Детские товары для плавания,108,201.0,2024-08-07 05:59:18,2024-08-07 05:55:57,2024-08-07 05:59:18,4746,47.0
191,user1,https://megamarket.ru/catalog/sredstva-reabilitacii/,Средства реабилитации,57,92.0,2024-08-07 06:01:23,2024-08-07 05:59:51,2024-08-07 06:01:23,2484,39.0
193,user1,https://megamarket.ru/catalog/velosipedy/,Велосипеды,196,379.0,2024-08-07 06:08:04,2024-08-07 06:01:45,2024-08-07 06:08:04,8373,52.0
194,user1,https://megamarket.ru/catalog/korma-dlya-koshek/,Корма для кошек,1251,2285.0,2024-08-07 06:46:11,2024-08-07 06:08:06,2024-08-07 06:46:11,50040,54.0
195,user1,https://megamarket.ru/catalog/dvernaya-furnitura/,Дверная фурнитура,1137,2264.0,2024-08-07 07:23:57,2024-08-07 06:46:13,2024-08-07 07:23:57,49708,67.0
196,user1,https://megamarket.ru/catalog/portpledyy/,Портпледы,3,11.0,2024-08-07 07:24:10,2024-08-07 07:24:00,2024-08-07 07:24:10,102,25.0
197,user1,https://megamarket.ru/catalog/pulsoksimetry/,Пульсоксиметры,10,16.0,2024-08-07 07:24:28,2024-08-07 07:24:12,2024-08-07 07:24:28,399,34.0
198,user1,https://megamarket.ru/catalog/meshki-dlya-obuvi/,Мешки для обуви,247,486.0,2024-08-07 07:32:36,2024-08-07 07:24:30,2024-08-07 07:32:36,10829,44.0
199,user1,https://megamarket.ru/catalog/detskie-tufli/,Детские туфли,30,87.0,2024-08-07 07:34:04,2024-08-07 07:32:37,2024-08-07 07:34:04,2165,44.0
200,user1,https://megamarket.ru/catalog/dzhoystiki-dlya-ps/,Джойстики для PlayStation,83,169.0,2024-08-07 07:36:55,2024-08-07 07:34:06,2024-08-07 07:36:55,3609,35.0
203,user1,https://megamarket.ru/catalog/sredstva-po-uhodu-za-kuhonnoy-tehnikoy/,Средства по уходу за кухонной техникой,39,68.0,2024-08-07 07:38:26,2024-08-07 07:37:18,2024-08-07 07:38:26,1670,55.0
205,user1,https://megamarket.ru/catalog/sredstva-dlya-mytya-posudy/,Средства для мытья посуды,96,194.0,2024-08-07 07:42:04,2024-08-07 07:38:50,2024-08-07 07:42:04,4190,41.0
206,user1,https://megamarket.ru/catalog/anatomicheskie-podushki-dlya-nog-poyasnicy-i-sideniya/,"Анатомические подушки для ног, поясницы и сидения",7,12.0,2024-08-07 07:42:18,2024-08-07 07:42:06,2024-08-07 07:42:18,266,33.0
208,user1,https://megamarket.ru/catalog/marmelad-zefir-pastila-lukum/,"Мармелад, зефир, пастила",180,307.0,2024-08-07 07:47:26,2024-08-07 07:42:19,2024-08-07 07:47:26,7911,38.0
209,user1,https://megamarket.ru/catalog/kosmetika-dlya-zhivotnyh/,Косметика для животных,199,384.0,2024-08-07 07:53:52,2024-08-07 07:47:28,2024-08-07 07:53:52,8747,39.0
210,user1,https://megamarket.ru/catalog/pechi-dlya-bani/,Печи для бани,11,45.0,2024-08-07 07:54:40,2024-08-07 07:53:54,2024-08-07 07:54:40,445,20.0
211,user1,https://megamarket.ru/catalog/medicinskiy-fetish/,Медицинский фетиш,4,32.0,2024-08-07 07:55:13,2024-08-07 07:54:41,2024-08-07 07:55:13,176,26.0
212,user1,https://megamarket.ru/catalog/rybiy-zhir-i-omega-3/,Рыбий жир и Омега 3,9,51.0,2024-08-07 07:56:06,2024-08-07 07:55:14,2024-08-07 07:56:06,396,60.0
213,user1,https://megamarket.ru/catalog/mokasiny-i-topsaydery-muzhskie/,Мокасины и топсайдеры мужские,2,27.0,2024-08-07 07:56:35,2024-08-07 07:56:07,2024-08-07 07:56:35,120,31.0
218,user1,https://megamarket.ru/catalog/sredstva-dlya-uhoda-za-seks-igrushkami/,Средства для ухода за секс-игрушками,11,21.0,2024-08-07 07:58:30,2024-08-07 07:58:09,2024-08-07 07:58:30,476,38.0
220,user1,https://megamarket.ru/catalog/dlya-dizajna-nogtej/,Товары для дизайна ногтей,163,296.0,2024-08-07 08:03:49,2024-08-07 07:58:53,2024-08-07 08:03:49,7143,40.0
221,user1,https://megamarket.ru/catalog/podstilki-dlya-ptic/,Наполнители и подстилки для птиц,5,8.0,2024-08-07 08:03:59,2024-08-07 08:03:51,2024-08-07 08:03:59,194,36.0
222,user1,https://megamarket.ru/catalog/kompressory/,Компрессоры,117,243.0,2024-08-07 08:08:04,2024-08-07 08:04:01,2024-08-07 08:08:04,4942,40.0
223,user1,https://megamarket.ru/catalog/stomatologicheskie-materialy/,Стоматологические материалы,32,50.0,2024-08-07 08:08:56,2024-08-07 08:08:06,2024-08-07 08:08:56,1386,29.0
225,user1,https://megamarket.ru/catalog/mnogofunkcionalnye-igrovye-stoly/,Игровые столы-трансформеры,6,11.0,2024-08-07 08:09:29,2024-08-07 08:09:19,2024-08-07 08:09:29,233,22.0
226,user1,https://megamarket.ru/catalog/zamorozhennye-ovoshi-i-griby/,Замороженные овощи и грибы,45,69.0,2024-08-07 08:10:39,2024-08-07 08:09:31,2024-08-07 08:10:39,1954,6.0
227,user1,https://megamarket.ru/catalog/krossovki-muzhskie/,Кроссовки мужские,258,684.0,2024-08-07 08:22:05,2024-08-07 08:10:41,2024-08-07 08:22:05,15427,85.0
230,user1,https://megamarket.ru/catalog/sredstva-po-uhodu-za-nogami/,Средства по уходу за ногами,139,239.0,2024-08-07 08:26:51,2024-08-07 08:22:52,2024-08-07 08:26:51,6111,48.0
233,user1,https://megamarket.ru/catalog/zhenskaya-sportivnaya-odezhda/,Женская спортивная одежда,226,485.0,2024-08-07 08:35:40,2024-08-07 08:27:35,2024-08-07 08:35:40,9922,90.0
235,user1,https://megamarket.ru/catalog/seyfy-dlya-doma/,Сейфы для дома,34,57.0,2024-08-07 08:36:45,2024-08-07 08:35:48,2024-08-07 08:36:45,1489,40.0
236,user1,https://megamarket.ru/catalog/izolyacionnye-materialy/,Изоляционные материалы,56,92.0,2024-08-07 08:38:19,2024-08-07 08:36:47,2024-08-07 08:38:19,2428,65.0
237,user1,https://megamarket.ru/catalog/sadovyy-dekor/,Декор для сада,1137,2227.0,2024-08-07 09:15:28,2024-08-07 08:38:21,2024-08-07 09:15:28,50028,65.0
238,user1,https://megamarket.ru/catalog/ochistiteli-i-uvlazhniteli-vozduha/,Очистители и увлажнители воздуха,248,459.0,2024-08-07 09:23:09,2024-08-07 09:15:30,2024-08-07 09:23:09,10899,75.0
239,user1,https://megamarket.ru/catalog/zhenskie-kolca-4150457/,Женские кольца,531,1239.0,2024-08-07 09:43:50,2024-08-07 09:23:11,2024-08-07 09:43:50,23364,32.0
240,user1,https://megamarket.ru/catalog/kushetki/,Кушетки,53,92.0,2024-08-07 09:45:25,2024-08-07 09:43:53,2024-08-07 09:45:25,2310,40.0
241,user1,https://megamarket.ru/catalog/listovye-materialy/,Листовые материалы,9,16.0,2024-08-07 09:45:43,2024-08-07 09:45:26,2024-08-07 09:45:43,379,64.0
244,user1,https://megamarket.ru/catalog/parafarmacevticheskaya-produkciya/,Лечебно-косметические средства,286,531.0,2024-08-07 09:56:32,2024-08-07 09:47:41,2024-08-07 09:56:32,12556,50.0
246,user1,https://megamarket.ru/catalog/kompozicii-iz-cvetov/,Композиции из цветов,359,644.0,2024-08-07 10:07:39,2024-08-07 09:56:55,2024-08-07 10:07:39,15767,42.0
247,user1,https://megamarket.ru/catalog/povsednevnaya-odezhda-dlya-podrostkov/,Повседневная одежда для подростков,740,1745.0,2024-08-07 10:36:46,2024-08-07 10:07:41,2024-08-07 10:36:46,32534,75.0
248,user1,https://megamarket.ru/catalog/koreyskaya-kosmetika-dlya-ochisheniya-tela/,Корейская косметика для очищения тела,23,47.0,2024-08-07 10:37:35,2024-08-07 10:36:48,2024-08-07 10:37:35,998,33.0
254,user1,https://megamarket.ru/catalog/detskie-matrasy/,Детские матрасы,655,1299.0,2024-08-07 11:00:40,2024-08-07 10:39:01,2024-08-07 11:00:40,28812,48.0
255,user1,https://megamarket.ru/catalog/anatomicheskie-podushki/,Анатомические подушки,42,92.0,2024-08-07 11:02:14,2024-08-07 11:00:42,2024-08-07 11:02:14,1823,48.0
256,user1,https://megamarket.ru/catalog/dopolnitelnye-fary/,Дополнительные фары,672,1307.0,2024-08-07 11:24:04,2024-08-07 11:02:16,2024-08-07 11:24:04,29534,51.0
257,user1,https://megamarket.ru/catalog/detskie-kolyaski/,Коляски,161,360.0,2024-08-07 11:30:06,2024-08-07 11:24:06,2024-08-07 11:30:06,7056,35.0
259,user1,https://megamarket.ru/catalog/sup-serfing/,SUP-серфинг,73,170.0,2024-08-07 11:33:19,2024-08-07 11:30:30,2024-08-07 11:33:19,3186,37.0
260,user1,https://megamarket.ru/catalog/odezhda-dlya-podrostkov/,Одежда для подростков,646,1703.0,2024-08-07 12:01:44,2024-08-07 11:33:22,2024-08-07 12:01:44,28421,75.0
261,user1,https://megamarket.ru/catalog/detskie-avtokresla-i-bustery/,Детские автокресла и бустеры,7,38.0,2024-08-07 12:02:25,2024-08-07 12:01:47,2024-08-07 12:02:25,308,30.0
262,user1,https://megamarket.ru/catalog/dekorativnye-ograzhdeniya/,Декоративные ограждения,185,340.0,2024-08-07 12:08:07,2024-08-07 12:02:27,2024-08-07 12:08:07,8108,65.0
263,user1,https://megamarket.ru/catalog/napitki/,Напитки,612,1191.0,2024-08-07 12:28:02,2024-08-07 12:08:10,2024-08-07 12:28:02,26880,48.0
264,user1,https://megamarket.ru/catalog/verhnyaya-odezhda-dlya-podrostkov/,Верхняя одежда для подростков,121,249.0,2024-08-07 12:32:13,2024-08-07 12:28:04,2024-08-07 12:32:13,5294,75.0
265,user1,https://megamarket.ru/catalog/tovary-dlya-uhoda-za-avtomobilem/,Товары для ухода за автомобилем,911,1741.0,2024-08-07 13:01:16,2024-08-07 12:32:16,2024-08-07 13:01:16,40030,52.0
266,user1,https://megamarket.ru/catalog/postelnoe-bele/,Постельное белье,834,2409.0,2024-08-07 13:41:28,2024-08-07 13:01:19,2024-08-07 13:41:28,50040,51.0
267,user1,https://megamarket.ru/catalog/suhaya-shtukaturka/,Сухая штукатурка,6,12.0,2024-08-07 13:41:43,2024-08-07 13:41:30,2024-08-07 13:41:43,246,41.0
268,user1,https://megamarket.ru/catalog/polki-i-podstavki-dlya-ikon/,Полки и подставки для икон,6,11.0,2024-08-07 13:41:56,2024-08-07 13:41:45,2024-08-07 13:41:56,222,37.0
269,user1,https://megamarket.ru/catalog/bakaleya-i-konservaciya/,"Бакалея, консервация",1137,2501.0,2024-08-07 14:23:40,2024-08-07 13:41:58,2024-08-07 14:23:40,50028,55.0
270,user1,https://megamarket.ru/catalog/svarochnye-materialy/,Сварочные материалы,153,241.0,2024-08-07 14:27:44,2024-08-07 14:23:43,2024-08-07 14:27:44,6717,41.0
271,user1,https://megamarket.ru/catalog/suhofrukty-cukaty/,"Сухофрукты, цукаты",80,141.0,2024-08-07 14:30:07,2024-08-07 14:27:46,2024-08-07 14:30:07,3512,40.0
273,user1,https://megamarket.ru/catalog/voleybol/,Товары для волейбола,57,97.0,2024-08-07 14:32:07,2024-08-07 14:30:30,2024-08-07 14:32:07,2479,36.0
274,user1,https://megamarket.ru/catalog/korma-dlya-gryzunov/,Корма для грызунов и хорьков,171,285.0,2024-08-07 14:36:55,2024-08-07 14:32:09,2024-08-07 14:36:55,7490,34.0
276,user1,https://megamarket.ru/catalog/kombinezony-dlya-avtosporta/,Комбинезоны для автоспорта,2,9.0,2024-08-07 14:37:07,2024-08-07 14:36:57,2024-08-07 14:37:07,76,13.0
278,user1,https://megamarket.ru/catalog/stoleshnicy-dlya-stolov/,Столешницы для столов,20,43.0,2024-08-07 14:38:13,2024-08-07 14:37:30,2024-08-07 14:38:13,859,45.0
279,user1,https://megamarket.ru/catalog/tufli-muzhskie/,Туфли мужские,44,99.0,2024-08-07 14:39:54,2024-08-07 14:38:15,2024-08-07 14:39:54,2612,31.0
280,user1,https://megamarket.ru/catalog/nastolnye-lampy/,Настольные лампы,1042,2284.0,2024-08-07 15:18:00,2024-08-07 14:39:56,2024-08-07 15:18:00,50016,65.0
283,user1,https://megamarket.ru/catalog/lepka/,Лепка,483,916.0,2024-08-07 15:34:04,2024-08-07 15:18:48,2024-08-07 15:34:04,21210,56.0
287,user1,https://megamarket.ru/catalog/medicinskaya-mebel/,Медицинская мебель,5,12.0,2024-08-07 15:35:01,2024-08-07 15:34:49,2024-08-07 15:35:01,210,36.0
289,user1,https://megamarket.ru/catalog/konfety/,Конфеты,395,798.0,2024-08-07 15:48:46,2024-08-07 15:35:28,2024-08-07 15:48:46,17357,41.0
290,user1,https://megamarket.ru/catalog/sistemy-poliva/,Системы полива,167,273.0,2024-08-07 15:53:22,2024-08-07 15:48:49,2024-08-07 15:53:22,7314,65.0
291,user1,https://megamarket.ru/catalog/iskusstvennye-elki/,Елки искусственные,145,306.0,2024-08-07 15:58:31,2024-08-07 15:53:25,2024-08-07 15:58:31,8112,56.0
293,user1,https://megamarket.ru/catalog/aromaticheskie-diffuzory/,Ароматические диффузоры,327,604.0,2024-08-07 16:08:59,2024-08-07 15:58:55,2024-08-07 16:08:59,14359,51.0
294,user1,https://megamarket.ru/catalog/kofe/,Кофе,597,1202.0,2024-08-07 16:29:04,2024-08-07 16:09:02,2024-08-07 16:29:04,26241,60.0
295,user1,https://megamarket.ru/catalog/chipsy/,Чипсы,82,136.0,2024-08-07 16:31:23,2024-08-07 16:29:07,2024-08-07 16:31:23,3581,36.0
296,user1,https://megamarket.ru/catalog/sportivnye-sumki/,Сумки спортивные,91,176.0,2024-08-07 16:34:22,2024-08-07 16:31:27,2024-08-07 16:34:22,3961,56.0
297,user1,https://megamarket.ru/catalog/lodki-dlya-rybalki/,Лодки,24,43.0,2024-08-07 16:35:08,2024-08-07 16:34:25,2024-08-07 16:35:08,1037,35.0
298,user1,https://megamarket.ru/catalog/namatrasniki-i-chehly/,Наматрасники и чехлы,896,2311.0,2024-08-07 17:13:41,2024-08-07 16:35:11,2024-08-07 17:13:41,39424,45.0
300,user1,https://megamarket.ru/catalog/zhirnye-kisloty/,Жирные кислоты,66,127.0,2024-08-07 17:16:12,2024-08-07 17:14:05,2024-08-07 17:16:12,2892,39.0
301,user1,https://megamarket.ru/catalog/venik-dlya-bani/,Веники для бани,20,32.0,2024-08-07 17:16:46,2024-08-07 17:16:14,2024-08-07 17:16:46,869,66.0
303,user1,https://megamarket.ru/catalog/motoshiny/,Мотошины,51,91.0,2024-08-07 17:18:42,2024-08-07 17:17:11,2024-08-07 17:18:42,2223,8.0
304,user1,https://megamarket.ru/catalog/vitaminy-bady-i-pishevye-dobavki/,"Витамины, минералы и пищевые добавки",1137,2548.0,2024-08-07 18:01:13,2024-08-07 17:18:45,2024-08-07 18:01:13,50028,60.0
306,user1,https://megamarket.ru/catalog/upakovochnaya-bumaga/,Упаковочная бумага,219,379.0,2024-08-07 18:07:56,2024-08-07 18:01:37,2024-08-07 18:07:56,9604,38.0
307,user1,https://megamarket.ru/catalog/monobukety/,Монобукеты,39,66.0,2024-08-07 18:09:05,2024-08-07 18:07:59,2024-08-07 18:09:05,1716,17.0
308,user1,https://megamarket.ru/catalog/podarochnye-nabory-kosmetiki-i-parfyumerii/,Подарочные наборы косметики и парфюмерии,80,134.0,2024-08-07 18:11:22,2024-08-07 18:09:07,2024-08-07 18:11:22,3491,39.0
311,user1,https://megamarket.ru/catalog/kompostery-sadovye/,Компостеры садовые,14,25.0,2024-08-07 18:11:50,2024-08-07 18:11:25,2024-08-07 18:11:50,605,40.0
312,user1,https://megamarket.ru/catalog/osvezhiteli-vozduha-i-aromatizatory-dlya-doma/,Освежители воздуха и ароматизаторы для дома,17,29.0,2024-08-07 18:12:22,2024-08-07 18:11:53,2024-08-07 18:12:22,727,35.0
316,user1,https://megamarket.ru/catalog/gornolyzhnye-ryukzaki/,Горнолыжные рюкзаки,2,7.0,2024-08-07 18:13:35,2024-08-07 18:13:27,2024-08-07 18:13:35,30,20.0
317,user1,https://megamarket.ru/catalog/prudy-i-fontany/,Пруды и фонтаны,31,54.0,2024-08-07 18:14:31,2024-08-07 18:13:38,2024-08-07 18:14:31,1346,51.0
318,user1,https://megamarket.ru/catalog/detskie-ryukzaki/,Детские рюкзаки,724,1462.0,2024-08-07 18:38:56,2024-08-07 18:14:34,2024-08-07 18:38:56,31842,55.0
319,user1,https://megamarket.ru/catalog/sredstva-dlya-korrekcii-povedeniya-zhivotnyh/,Средства для коррекции поведения животных,37,64.0,2024-08-07 18:40:04,2024-08-07 18:38:59,2024-08-07 18:40:04,1605,38.0
320,user1,https://megamarket.ru/catalog/kolodki-i-formoderzhateli-dlya-obuvi/,Колодки и формодержатели для обуви,4,8.0,2024-08-07 18:40:14,2024-08-07 18:40:07,2024-08-07 18:40:14,143,21.0
321,user1,https://megamarket.ru/catalog/vtorye-blyuda/,Готовые вторые блюда,21,42.0,2024-08-07 18:40:59,2024-08-07 18:40:17,2024-08-07 18:40:59,900,6.0
322,user1,https://megamarket.ru/catalog/nabory-dlya-uhoda-za-obuvyu/,Наборы для ухода за обувью,3,6.0,2024-08-07 18:41:08,2024-08-07 18:41:02,2024-08-07 18:41:08,130,35.0
323,user1,https://megamarket.ru/catalog/kalendari/,Календари,49,83.0,2024-08-07 18:42:34,2024-08-07 18:41:11,2024-08-07 18:42:34,2116,56.0
324,user1,https://megamarket.ru/catalog/pylesosy/,Пылесосы,262,457.0,2024-08-07 18:50:14,2024-08-07 18:42:36,2024-08-07 18:50:14,6288,36.0
325,user1,https://megamarket.ru/catalog/komplektuyushie-dlya-svarochnyh-rabot/,Комплектующие для сварочных работ,102,173.0,2024-08-07 18:53:09,2024-08-07 18:50:16,2024-08-07 18:53:09,4485,50.0
326,user1,https://megamarket.ru/catalog/rybnaya-gastronomiya/,Рыба и морепродукты,181,317.0,2024-08-07 18:58:29,2024-08-07 18:53:12,2024-08-07 18:58:29,7950,26.0
327,user1,https://megamarket.ru/catalog/poilki-i-kormushki-dlya-selskohozyaystvennyh-zhivotnyh/,Поилки и кормушки для сельскохозяйственных животных,24,48.0,2024-08-07 18:59:19,2024-08-07 18:58:32,2024-08-07 18:59:19,1016,40.0
329,user1,https://megamarket.ru/catalog/shlangi-dlya-kompressorov/,Шланги для компрессоров,79,126.0,2024-08-07 19:01:48,2024-08-07 18:59:43,2024-08-07 19:01:48,3437,40.0
331,user1,https://megamarket.ru/catalog/modulnye-kuhni/,Модульные кухни,312,647.0,2024-08-07 19:12:59,2024-08-07 19:02:12,2024-08-07 19:12:59,13692,40.0
332,user1,https://megamarket.ru/catalog/vozdushnye-shariki/,Воздушные шарики,150,299.0,2024-08-07 19:18:01,2024-08-07 19:13:02,2024-08-07 19:18:01,6600,56.0
333,user1,https://megamarket.ru/catalog/myaso-i-ptica/,Мясо и птица,449,865.0,2024-08-07 19:32:29,2024-08-07 19:18:04,2024-08-07 19:32:29,19721,40.0
334,user1,https://megamarket.ru/catalog/ryukzaki/,Рюкзаки,487,1189.0,2024-08-07 19:52:21,2024-08-07 19:32:32,2024-08-07 19:52:21,29161,99.0
335,user1,https://megamarket.ru/catalog/emkosti-dlya-hraneniya/,Емкости для хранения,311,661.0,2024-08-07 20:03:25,2024-08-07 19:52:24,2024-08-07 20:03:25,13684,82.0
336,user1,https://megamarket.ru/catalog/aksessuary-dlya-elok/,Аксессуары для елок,5,28.0,2024-08-07 20:03:56,2024-08-07 20:03:28,2024-08-07 20:03:56,220,45.0
337,user1,https://megamarket.ru/catalog/ovoshi-zelen-griby/,"Овощи, зелень, грибы",84,144.0,2024-08-07 20:06:24,2024-08-07 20:03:59,2024-08-07 20:06:24,3655,5.0
338,user1,https://megamarket.ru/catalog/svarochnoe-oborudovanie/,Сварочное оборудование,965,1897.0,2024-08-07 20:38:03,2024-08-07 20:06:27,2024-08-07 20:38:03,42459,65.0
339,user1,https://megamarket.ru/catalog/seyfy/,Сейфы,73,138.0,2024-08-07 20:40:25,2024-08-07 20:38:07,2024-08-07 20:40:25,3190,40.0
340,user1,https://megamarket.ru/catalog/sredstva-ot-suhosti/,Средства от сухости,8,17.0,2024-08-07 20:40:45,2024-08-07 20:40:28,2024-08-07 20:40:45,338,50.0
343,user1,https://megamarket.ru/catalog/sumki-dlya-noutbukov/,Сумки для ноутбуков,164,318.0,2024-08-07 20:46:53,2024-08-07 20:41:35,2024-08-07 20:46:53,7212,40.0
344,user1,https://megamarket.ru/catalog/rastitelnye-masla/,Растительные масла,106,195.0,2024-08-07 20:50:11,2024-08-07 20:46:56,2024-08-07 20:50:11,4659,99.0
345,user1,https://megamarket.ru/catalog/tovary-dlya-s-h-zhivotnyh/,Товары для сельскохозяйственных животных,72,122.0,2024-08-07 20:52:17,2024-08-07 20:50:14,2024-08-07 20:52:17,3135,40.0
346,user1,https://megamarket.ru/catalog/uslugi-po-santehnike/,Услуги по сантехнике,4,6.0,2024-08-07 20:52:26,2024-08-07 20:52:20,2024-08-07 20:52:26,171,7.0
347,user1,https://megamarket.ru/catalog/zhenskaya-obuv/,Женская обувь,386,1344.0,2024-08-07 21:14:54,2024-08-07 20:52:29,2024-08-07 21:14:54,23158,51.0
348,user1,https://megamarket.ru/catalog/hoztovary/,Хозтовары,524,1017.0,2024-08-07 21:31:54,2024-08-07 21:14:57,2024-08-07 21:31:54,22973,67.0
352,user1,https://megamarket.ru/catalog/parogeneratory/,Парогенераторы,68,114.0,2024-08-07 21:35:01,2024-08-07 21:33:07,2024-08-07 21:35:01,2931,35.0
353,user1,https://megamarket.ru/catalog/muzhskaya-sportivnaya-obuv/,Мужская спортивная обувь,167,355.0,2024-08-07 21:40:59,2024-08-07 21:35:04,2024-08-07 21:40:59,7268,79.0
355,user1,https://megamarket.ru/catalog/aminokisloty-v-apteke/,Аминокислоты в аптеке,30,51.0,2024-08-07 21:42:14,2024-08-07 21:41:23,2024-08-07 21:42:14,1317,36.0
357,user1,https://megamarket.ru/catalog/broshi-bizhuteriya/,Броши (бижутерия),167,323.0,2024-08-07 21:47:51,2024-08-07 21:42:28,2024-08-07 21:47:51,9970,40.0
358,user1,https://megamarket.ru/catalog/podarki-dlya-detey/,Подарки для детей,450,1344.0,2024-08-07 22:10:19,2024-08-07 21:47:54,2024-08-07 22:10:19,19761,75.0
360,user1,https://megamarket.ru/catalog/zhenskie-futbolki-i-polo/,Женские футболки и поло,211,714.0,2024-08-07 22:22:16,2024-08-07 22:10:22,2024-08-07 22:22:16,12578,62.0
361,user1,https://megamarket.ru/catalog/sportivnaya-forma/,Спортивная форма,46,84.0,2024-08-07 22:23:44,2024-08-07 22:22:19,2024-08-07 22:23:44,2018,36.0
364,user1,https://megamarket.ru/catalog/sredstva-dlya-okrashivaniya-volos/,Средства для окрашивания волос,65,165.0,2024-08-07 22:26:54,2024-08-07 22:24:08,2024-08-07 22:26:54,2860,37.0
365,user1,https://megamarket.ru/catalog/dymohody-i-komplektuyushie/,Комплектующие для дымохода,39,66.0,2024-08-07 22:28:03,2024-08-07 22:26:57,2024-08-07 22:28:03,1708,65.0
366,user1,https://megamarket.ru/catalog/muzhskaya-odezhda/,Мужская одежда,303,986.0,2024-08-07 22:44:32,2024-08-07 22:28:06,2024-08-07 22:44:32,18180,70.0
367,user1,https://megamarket.ru/catalog/nastolnyy-futbol-2463684633789870/,Настольный футбол,14,21.0,2024-08-07 22:44:56,2024-08-07 22:44:36,2024-08-07 22:44:56,446,23.0
368,user1,https://megamarket.ru/catalog/skeytbordy/,Скейтборды,16,28.0,2024-08-07 22:45:28,2024-08-07 22:45:00,2024-08-07 22:45:28,662,36.0
369,user1,https://megamarket.ru/catalog/ochki-i-opravy/,Очки и оправы,409,757.0,2024-08-07 22:58:08,2024-08-07 22:45:31,2024-08-07 22:58:08,17964,45.0
370,user1,https://megamarket.ru/catalog/garnitury-dlya-telefonov/,Наушники с микрофоном,408,840.0,2024-08-07 23:12:12,2024-08-07 22:58:12,2024-08-07 23:12:12,17925,51.0
371,user1,https://megamarket.ru/catalog/vakuumnye-stimulyatory/,Вакуумные стимуляторы,72,129.0,2024-08-07 23:14:25,2024-08-07 23:12:15,2024-08-07 23:14:25,3146,42.0
372,user1,https://megamarket.ru/catalog/vypusknye-sistemy-dlya-tyuninga/,Выпускные системы для тюнинга,855,1694.0,2024-08-07 23:42:42,2024-08-07 23:14:28,2024-08-07 23:42:42,37611,50.0
373,user1,https://megamarket.ru/catalog/suveniry-i-nastolnye-igry-dlya-vzroslyh/,Сувениры для взрослых,181,294.0,2024-08-07 23:47:39,2024-08-07 23:42:46,2024-08-07 23:47:39,7957,47.0
375,user1,https://megamarket.ru/catalog/akkumulyatory-dlya-motociklov/,Аккумуляторы для мотоциклов,20,40.0,2024-08-07 23:48:44,2024-08-07 23:48:04,2024-08-07 23:48:44,843,10.0
376,user1,https://megamarket.ru/catalog/instrumenty-obshego-naznacheniya-v-chemodane/,Инструменты общего назначения в чемодане,27,46.0,2024-08-07 23:49:34,2024-08-07 23:48:49,2024-08-07 23:49:34,1162,50.0
378,user1,https://megamarket.ru/catalog/shumoizolyaciya-zvukoizolyaciya/,Шумоизоляция/Звукоизоляция,13,29.0,2024-08-07 23:50:28,2024-08-07 23:49:59,2024-08-07 23:50:28,556,40.0
379,user1,https://megamarket.ru/catalog/zhenskaya-sportivnaya-obuv/,Женская спортивная обувь,217,460.0,2024-08-07 23:58:12,2024-08-07 23:50:31,2024-08-07 23:58:12,9528,38.0
380,user1,https://megamarket.ru/catalog/aptechnaya-kosmetika-dlya-volos/,Аптечная косметика для волос,69,109.0,2024-08-08 00:00:04,2024-08-07 23:58:15,2024-08-08 00:00:04,2999,36.0
381,user1,https://megamarket.ru/catalog/oborudovanie-dlya-kafe-i-restoranov/,Оборудование для кафе и ресторанов,5,17.0,2024-08-08 00:00:24,2024-08-08 00:00:07,2024-08-08 00:00:24,207,14.0
383,user1,https://megamarket.ru/catalog/koreyskaya-kosmetika-po-uhodu-za-telom/,Корейская косметика по уходу за телом,19,33.0,2024-08-08 00:01:21,2024-08-08 00:00:48,2024-08-08 00:01:21,815,60.0
384,user1,https://megamarket.ru/catalog/krossovki-zhenskie/,Кроссовки женские,73,213.0,2024-08-08 00:04:58,2024-08-08 00:01:24,2024-08-08 00:04:58,4379,31.0
385,user1,https://megamarket.ru/catalog/kletki-i-aksessuary-dlya-ptic/,Клетки и аксессуары для птиц,46,80.0,2024-08-08 00:06:21,2024-08-08 00:05:01,2024-08-08 00:06:21,1997,37.0
386,user1,https://megamarket.ru/catalog/sredstva-dlya-ochisheniya-kozhi-lica/,Средства для очищения кожи лица,744,1502.0,2024-08-08 00:31:26,2024-08-08 00:06:24,2024-08-08 00:31:26,32728,99.0
389,user1,https://megamarket.ru/catalog/gornolyzhnaya-i-snoubordicheskaya-zashita/,Горнолыжная и сноубордическая защита,8,15.0,2024-08-08 00:32:26,2024-08-08 00:32:12,2024-08-08 00:32:26,330,35.0
390,user1,https://megamarket.ru/catalog/sushki-suhari-tartaletki/,"Сушки, сухари, тарталетки",27,46.0,2024-08-08 00:33:15,2024-08-08 00:32:29,2024-08-08 00:33:15,1186,36.0
391,user1,https://megamarket.ru/catalog/pleti-i-knuty/,Плети и кнуты,72,113.0,2024-08-08 00:35:11,2024-08-08 00:33:18,2024-08-08 00:35:11,3148,39.0
392,user1,https://megamarket.ru/catalog/chafindishi/,Чафиндиши,2,23.0,2024-08-08 00:35:38,2024-08-08 00:35:14,2024-08-08 00:35:38,42,11.0
394,user1,https://megamarket.ru/catalog/botinki-rabochie/,Ботинки рабочие,4,8.0,2024-08-08 00:36:10,2024-08-08 00:36:02,2024-08-08 00:36:10,152,31.0
395,user1,https://megamarket.ru/catalog/arbalety/,Арбалеты,4,8.0,2024-08-08 00:36:22,2024-08-08 00:36:13,2024-08-08 00:36:22,163,21.0
401,user1,https://megamarket.ru/catalog/maskirovka-dlya-ohoty/,Маскировка для охоты,4,7.0,2024-08-08 00:38:22,2024-08-08 00:38:15,2024-08-08 00:38:22,140,20.0
402,user1,https://megamarket.ru/catalog/frukty-yagody/,"Фрукты, ягоды",54,93.0,2024-08-08 00:39:59,2024-08-08 00:38:25,2024-08-08 00:39:59,2376,5.0
404,user1,https://megamarket.ru/catalog/tovary-kak-v-ikea/,Товары как в ИКЕА,27,51.0,2024-08-08 00:41:15,2024-08-08 00:40:23,2024-08-08 00:41:15,1161,45.0
406,user1,https://megamarket.ru/catalog/podstavki-pod-monitory/,Подставки для мониторов,16,25.0,2024-08-08 00:41:49,2024-08-08 00:41:24,2024-08-08 00:41:49,683,35.0
407,user1,https://megamarket.ru/catalog/aksessuary-dlya-kureniya/,Аксессуары для курения,6,9.0,2024-08-08 00:42:02,2024-08-08 00:41:52,2024-08-08 00:42:02,252,25.0
408,user1,https://megamarket.ru/catalog/portativnye-sauny/,Портативные сауны,2,23.0,2024-08-08 00:42:28,2024-08-08 00:42:05,2024-08-08 00:42:28,4,17.0
409,user1,https://megamarket.ru/catalog/lekarstvennye-sredstva-dlya-zhivotnyh/,Лекарственные средства для животных,24,38.0,2024-08-08 00:43:09,2024-08-08 00:42:31,2024-08-08 00:43:09,1031,34.0
410,user1,https://megamarket.ru/catalog/elektromobili/,Детские электромобили,55,98.0,2024-08-08 00:44:50,2024-08-08 00:43:12,2024-08-08 00:44:50,2409,35.0
411,user1,https://megamarket.ru/catalog/lopaty-dlya-sada-i-uborki-snega/,Лопаты для сада и уборки снега,222,416.0,2024-08-08 00:51:50,2024-08-08 00:44:53,2024-08-08 00:51:50,9749,50.0
412,user1,https://megamarket.ru/catalog/koptilni/,Коптильни,38,73.0,2024-08-08 00:53:06,2024-08-08 00:51:53,2024-08-08 00:53:06,1671,41.0
414,user1,https://megamarket.ru/catalog/vstraivaemye-duhovye-shkafy/,Встраиваемые духовые шкафы,728,1522.0,2024-08-08 01:18:53,2024-08-08 00:53:31,2024-08-08 01:18:53,32010,30.0
415,user1,https://megamarket.ru/catalog/detskaya-odezhda-i-obuv-premium/,Детская одежда и обувь premium,24,55.0,2024-08-08 01:19:52,2024-08-08 01:18:57,2024-08-08 01:19:52,1024,25.0
416,user1,https://megamarket.ru/catalog/vatnye-palochki/,Ватные палочки,13,26.0,2024-08-08 01:20:22,2024-08-08 01:19:55,2024-08-08 01:20:22,541,38.0
417,user1,https://megamarket.ru/catalog/detskie-kashi/,Детские каши,55,91.0,2024-08-08 01:21:56,2024-08-08 01:20:25,2024-08-08 01:21:56,2401,36.0
421,user1,https://megamarket.ru/catalog/svechi/,Свечи,584,1064.0,2024-08-08 01:40:26,2024-08-08 01:22:42,2024-08-08 01:40:26,25676,55.0
422,user1,https://megamarket.ru/catalog/krepezh/,Крепеж,1137,2475.0,2024-08-08 02:21:45,2024-08-08 01:40:30,2024-08-08 02:21:45,50027,100.0
423,user1,https://megamarket.ru/catalog/gigiena-dlya-mam/,Гигиена для мам,13,23.0,2024-08-08 02:22:12,2024-08-08 02:21:49,2024-08-08 02:22:12,568,40.0
424,user1,https://megamarket.ru/catalog/zolotye-kolca/,Золотые кольца,309,770.0,2024-08-08 02:35:05,2024-08-08 02:22:15,2024-08-08 02:35:05,18534,32.0
425,user1,https://megamarket.ru/catalog/lekarstvennye-sredstva/,Лекарственные средства,966,1862.0,2024-08-08 03:06:11,2024-08-08 02:35:09,2024-08-08 03:06:11,42504,35.0
426,user1,https://megamarket.ru/catalog/muzhskaya-sportivnaya-odezhda/,Мужская спортивная одежда,220,494.0,2024-08-08 03:14:29,2024-08-08 03:06:15,2024-08-08 03:14:29,9674,70.0
427,user1,https://megamarket.ru/catalog/utyugi/,Утюги,235,461.0,2024-08-08 03:22:13,2024-08-08 03:14:33,2024-08-08 03:22:13,10340,35.0
430,user1,https://megamarket.ru/catalog/amortizatory-kapota-i-bagazhnika/,Амортизаторы капота и багажника,1137,2196.0,2024-08-08 03:59:35,2024-08-08 03:22:59,2024-08-08 03:59:35,50026,36.0
431,user1,https://megamarket.ru/catalog/yuvelirnye-chasy-zhenskie/,Ювелирные часы женские,20,33.0,2024-08-08 04:00:12,2024-08-08 03:59:38,2024-08-08 04:00:12,843,25.0
432,user1,https://megamarket.ru/catalog/florariumy-s-zhivymi-cvetami/,Флорариумы с живыми цветами,9,15.0,2024-08-08 04:00:31,2024-08-08 04:00:15,2024-08-08 04:00:31,370,36.0
433,user1,https://megamarket.ru/catalog/uhod-za-odezhdoy-i-obuvyu/,Уход за одеждой и обувью,70,116.0,2024-08-08 04:02:30,2024-08-08 04:00:34,2024-08-08 04:02:30,3061,51.0
434,user1,https://megamarket.ru/catalog/sredstva-ot-moskitov/,Средства от москитов,264,510.0,2024-08-08 04:11:04,2024-08-08 04:02:34,2024-08-08 04:11:04,11608,51.0
435,user1,https://megamarket.ru/catalog/testoraskatochnye-mashiny/,Тестораскаточные машины,2,4.0,2024-08-08 04:11:12,2024-08-08 04:11:08,2024-08-08 04:11:12,76,11.0
436,user1,https://megamarket.ru/catalog/svarochnye-gorelki/,Сварочные горелки,84,152.0,2024-08-08 04:13:47,2024-08-08 04:11:15,2024-08-08 04:13:47,3686,42.0
437,user1,https://megamarket.ru/catalog/yuvelirnye-chasy-muzhskie/,Часы ювелирные мужские,7,18.0,2024-08-08 04:14:08,2024-08-08 04:13:51,2024-08-08 04:14:08,291,25.0
438,user1,https://megamarket.ru/catalog/naduvnye-igrushki/,Надувные игрушки,20,46.0,2024-08-08 04:14:58,2024-08-08 04:14:12,2024-08-08 04:14:58,853,38.0
439,user1,https://megamarket.ru/catalog/igry-dlya-pc/,Компьютерные игры (PC),4,9.0,2024-08-08 04:15:10,2024-08-08 04:15:02,2024-08-08 04:15:10,170,16.0
440,user1,https://megamarket.ru/catalog/sredstva-dlya-ukladki-volos/,Средства для укладки волос,198,376.0,2024-08-08 04:21:31,2024-08-08 04:15:14,2024-08-08 04:21:31,8684,36.0
441,user1,https://megamarket.ru/catalog/produkty-dlya-piknika-na-prirode/,Продукты для пикника,438,798.0,2024-08-08 04:34:53,2024-08-08 04:21:35,2024-08-08 04:34:53,19270,48.0
442,user1,https://megamarket.ru/catalog/sredstva-dlya-britya/,Cредства для бритья,23,43.0,2024-08-08 04:35:39,2024-08-08 04:34:56,2024-08-08 04:35:39,976,38.0
444,user1,https://megamarket.ru/catalog/solenaya-ryba/,Соленая рыба,35,54.0,2024-08-08 04:37:03,2024-08-08 04:36:09,2024-08-08 04:37:03,1532,20.0
445,user1,https://megamarket.ru/catalog/detskaya-verhnyaya-odezhda/,Детская верхняя одежда,362,770.0,2024-08-08 04:49:56,2024-08-08 04:37:06,2024-08-08 04:49:56,15887,75.0
447,user1,https://megamarket.ru/catalog/sol-dlya-posudomoechnoj-mashiny/,Соль для посудомоечной машины,4,7.0,2024-08-08 04:50:28,2024-08-08 04:50:21,2024-08-08 04:50:28,145,36.0
448,user1,https://megamarket.ru/catalog/knopochnye-telefony/,Кнопочные телефоны,191,323.0,2024-08-08 04:55:55,2024-08-08 04:50:32,2024-08-08 04:55:55,8399,35.0
449,user1,https://megamarket.ru/catalog/chemodan-dlya-foto-i-videotehniki/,Чемоданы для фототехники,3,5.0,2024-08-08 04:56:04,2024-08-08 04:55:59,2024-08-08 04:56:04,125,41.0
450,user1,https://megamarket.ru/catalog/shpricy-igly-i-infuzionnye-sistemy/,"Шприцы, иглы и инфузионные системы",41,70.0,2024-08-08 04:57:18,2024-08-08 04:56:08,2024-08-08 04:57:18,1765,41.0
451,user1,https://megamarket.ru/catalog/akkumulyatory-avtomobilnye/,Аккумуляторы автомобильные,251,413.0,2024-08-08 05:04:15,2024-08-08 04:57:22,2024-08-08 05:04:15,6017,10.0
452,user1,https://megamarket.ru/catalog/konditerskie-izdeliya/,Кондитерские изделия,3,26.0,2024-08-08 05:04:44,2024-08-08 05:04:18,2024-08-08 05:04:44,132,39.0
453,user1,https://megamarket.ru/catalog/elektroinstrumenty/,Электроинструменты,1036,2134.0,2024-08-08 05:40:22,2024-08-08 05:04:48,2024-08-08 05:40:22,45583,65.0
454,user1,https://megamarket.ru/catalog/bra/,Бра,1042,2396.0,2024-08-08 06:20:22,2024-08-08 05:40:26,2024-08-08 06:20:22,50016,65.0
455,user1,https://megamarket.ru/catalog/sredstva-dlya-uhoda-za-bytovoj-tehnikoj/,Средства для чистки бытовой техники,165,304.0,2024-08-08 06:25:30,2024-08-08 06:20:26,2024-08-08 06:25:30,7227,78.0
456,user1,https://megamarket.ru/catalog/emali/,Эмали,65,155.0,2024-08-08 06:28:09,2024-08-08 06:25:34,2024-08-08 06:28:09,2808,41.0
458,user1,https://megamarket.ru/catalog/suhocvety/,Сухоцветы,34,68.0,2024-08-08 06:29:42,2024-08-08 06:28:34,2024-08-08 06:29:42,1491,56.0
459,user1,https://megamarket.ru/catalog/podarochnye-nabory-kosmetiki/,Подарочные наборы косметики,73,142.0,2024-08-08 06:32:08,2024-08-08 06:29:46,2024-08-08 06:32:08,3188,39.0
460,user1,https://megamarket.ru/catalog/tualetnaya-bumaga/,Туалетная бумага,33,57.0,2024-08-08 06:33:08,2024-08-08 06:32:12,2024-08-08 06:33:08,1441,37.0
462,user1,https://megamarket.ru/catalog/sportivnye-aksessuary/,Спортивные аксессуары,73,137.0,2024-08-08 06:35:50,2024-08-08 06:33:33,2024-08-08 06:35:50,3177,41.0
463,user1,https://megamarket.ru/catalog/tovary-dlya-konservirovaniya/,Товары для консервирования,47,83.0,2024-08-08 06:37:17,2024-08-08 06:35:54,2024-08-08 06:37:17,2053,71.0
464,user1,https://megamarket.ru/catalog/verevki-alpinistskie/,Веревки альпинистские,4,8.0,2024-08-08 06:37:29,2024-08-08 06:37:21,2024-08-08 06:37:29,156,35.0
466,user1,https://megamarket.ru/catalog/galoshi-na-obuv/,Галоши на обувь,3,10.0,2024-08-08 06:38:05,2024-08-08 06:37:54,2024-08-08 06:38:05,108,43.0
467,user1,https://megamarket.ru/catalog/pirsing-iz-zolota/,Пирсинг из золота,6,13.0,2024-08-08 06:38:22,2024-08-08 06:38:08,2024-08-08 06:38:22,224,20.0
468,user1,https://megamarket.ru/catalog/osheyniki-klyapy-i-maski/,"Ошейники, кляпы и маски",90,214.0,2024-08-08 06:41:59,2024-08-08 06:38:25,2024-08-08 06:41:59,3959,49.0
470,user1,https://megamarket.ru/catalog/obedennye-gruppy/,Обеденные группы,4,33.0,2024-08-08 06:42:58,2024-08-08 06:42:24,2024-08-08 06:42:58,176,40.0
471,user1,https://megamarket.ru/catalog/ortopedicheskaya-obuv/,Ортопедическая обувь,6,17.0,2024-08-08 06:43:19,2024-08-08 06:43:01,2024-08-08 06:43:19,250,28.0
473,user1,https://megamarket.ru/catalog/detskie-zubnye-shetki/,Детские зубные щетки,67,131.0,2024-08-08 06:45:56,2024-08-08 06:43:45,2024-08-08 06:45:56,2936,99.0
474,user1,https://megamarket.ru/catalog/sredstva-zashity-rasteniy/,Средства защиты растений,70,145.0,2024-08-08 06:48:25,2024-08-08 06:46:00,2024-08-08 06:48:25,3074,64.0
476,user1,https://megamarket.ru/catalog/upakovochnye-aksessuary/,Упаковочные аксессуары,272,504.0,2024-08-08 06:57:15,2024-08-08 06:48:50,2024-08-08 06:57:15,11948,56.0
477,user1,https://megamarket.ru/catalog/makiyazh-brovej/,Макияж бровей,248,509.0,2024-08-08 07:05:48,2024-08-08 06:57:19,2024-08-08 07:05:48,10894,50.0
478,user1,https://megamarket.ru/catalog/podveski-i-kulony-zolotye/,Золотые подвески,78,180.0,2024-08-08 07:08:51,2024-08-08 07:05:52,2024-08-08 07:08:51,4670,20.0
479,user1,https://megamarket.ru/catalog/mototehnika/,Мототехника,4,8.0,2024-08-08 07:09:03,2024-08-08 07:08:55,2024-08-08 07:09:03,137,8.0
480,user1,https://megamarket.ru/catalog/tovary-dlya-prazdnika/,Товары для праздника,1137,2493.0,2024-08-08 07:50:40,2024-08-08 07:09:06,2024-08-08 07:50:40,50028,64.0
481,user1,https://megamarket.ru/catalog/kupalniki-dlya-podrostkov/,Купальники для подростков,44,105.0,2024-08-08 07:52:29,2024-08-08 07:50:44,2024-08-08 07:52:29,1902,48.0
482,user1,https://megamarket.ru/catalog/ustanovka-klimaticheskoy-tehniki/,Установка климатической техники,2,25.0,2024-08-08 07:52:57,2024-08-08 07:52:33,2024-08-08 07:52:57,32,10.0
483,user1,https://megamarket.ru/catalog/pnevmoinstrumenty/,Пневмоинструменты,393,798.0,2024-08-08 08:06:19,2024-08-08 07:53:01,2024-08-08 08:06:19,17282,50.0
485,user1,https://megamarket.ru/catalog/elektrogrili/,Электрогрили,103,204.0,2024-08-08 08:10:17,2024-08-08 08:06:53,2024-08-08 08:10:17,4531,55.0
486,user1,https://megamarket.ru/catalog/nabory-parfyumerii/,Наборы парфюмерии,21,35.0,2024-08-08 08:10:56,2024-08-08 08:10:21,2024-08-08 08:10:56,901,40.0
487,user1,https://megamarket.ru/catalog/ustroystva-gromkoy-svyazi/,Устройства громкой связи,5,11.0,2024-08-08 08:11:11,2024-08-08 08:11:00,2024-08-08 08:11:11,199,25.0
488,user1,https://megamarket.ru/catalog/kreplenoe-vino/,Крепленые вина,10,17.0,2024-08-08 08:11:31,2024-08-08 08:11:14,2024-08-08 08:11:31,399,18.0
493,user1,https://megamarket.ru/catalog/zerkala-napolnye/,Зеркала напольные,8,14.0,2024-08-08 08:13:15,2024-08-08 08:13:01,2024-08-08 08:13:15,330,45.0
495,user1,https://megamarket.ru/catalog/elektrosamokaty-2463684633781217/,Электросамокаты,23,47.0,2024-08-08 08:14:11,2024-08-08 08:13:25,2024-08-08 08:14:11,1007,29.0
496,user1,https://megamarket.ru/catalog/kofemolki/,Кофемолки,143,277.0,2024-08-08 08:18:52,2024-08-08 08:14:15,2024-08-08 08:18:52,6278,36.0
497,user1,https://megamarket.ru/catalog/serebryanye-predmety-servirovki/,Серебряные предметы сервировки,3,9.0,2024-08-08 08:19:05,2024-08-08 08:18:56,2024-08-08 08:19:05,119,20.0
498,user1,https://megamarket.ru/catalog/pelenki-i-salfetki-dlya-detej/,Пеленки и салфетки для детей,124,252.0,2024-08-08 08:23:20,2024-08-08 08:19:09,2024-08-08 08:23:20,5414,49.0
499,user1,https://megamarket.ru/catalog/zdorove-i-uhod-za-malyshami/,Здоровье и уход за малышами,812,1789.0,2024-08-08 08:53:13,2024-08-08 08:23:24,2024-08-08 08:53:13,35726,63.0
501,user1,https://megamarket.ru/catalog/dlya-mytya-posudy/,Для мытья посуды,96,181.0,2024-08-08 08:56:40,2024-08-08 08:53:38,2024-08-08 08:56:40,4210,41.0
502,user1,https://megamarket.ru/catalog/muzhskaya-obuv/,Мужская обувь,669,2154.0,2024-08-08 09:32:37,2024-08-08 08:56:43,2024-08-08 09:32:37,40095,85.0
505,user1,https://megamarket.ru/catalog/zimnyaya-avtohimiya/,Зимняя автохимия,14,27.0,2024-08-08 09:33:29,2024-08-08 09:33:02,2024-08-08 09:33:29,579,41.0
506,user1,https://megamarket.ru/catalog/lekarstvennye-preparaty-ot-allergii/,Лекарственные препараты от аллергии,23,47.0,2024-08-08 09:34:20,2024-08-08 09:33:33,2024-08-08 09:34:20,1003,11.0
508,user1,https://megamarket.ru/catalog/kletki-dlya-gryzunov/,Клетки и загоны для грызунов,60,110.0,2024-08-08 09:36:35,2024-08-08 09:34:46,2024-08-08 09:36:35,2607,58.0
509,user1,https://megamarket.ru/catalog/lechebno-profilakticheskoe-pitanie/,Лечебно-профилактическое питание,20,40.0,2024-08-08 09:37:20,2024-08-08 09:36:40,2024-08-08 09:37:20,872,30.0
510,user1,https://megamarket.ru/catalog/elektrovelosipedy/,Электровелосипеды,9,27.0,2024-08-08 09:37:51,2024-08-08 09:37:24,2024-08-08 09:37:51,368,30.0
511,user1,https://megamarket.ru/catalog/uslugi-po-remontu/,Услуги по ремонту,3,7.0,2024-08-08 09:38:02,2024-08-08 09:37:55,2024-08-08 09:38:02,99,7.0
512,user1,https://megamarket.ru/catalog/myasnaya-gastronomiya/,Мясная гастрономия,281,547.0,2024-08-08 09:47:13,2024-08-08 09:38:06,2024-08-08 09:47:13,12353,40.0
514,user1,https://megamarket.ru/catalog/pribory-dlya-uhoda-za-nogami/,Приборы для ухода за ногами,6,10.0,2024-08-08 09:47:48,2024-08-08 09:47:38,2024-08-08 09:47:48,258,33.0
515,user1,https://megamarket.ru/catalog/sportivnye-batonchiki-i-pechenya/,Спортивные батончики и печенье,106,203.0,2024-08-08 09:51:15,2024-08-08 09:47:52,2024-08-08 09:51:15,4662,63.0
516,user1,https://megamarket.ru/catalog/podstavki-dlya-misok/,Подставки для мисок,2,24.0,2024-08-08 09:51:43,2024-08-08 09:51:20,2024-08-08 09:51:43,24,25.0
518,user1,https://megamarket.ru/catalog/tualetnye-prinadlezhnosti-dlya-sobak/,Туалетные принадлежности для собак,107,184.0,2024-08-08 09:55:13,2024-08-08 09:52:09,2024-08-08 09:55:13,4675,41.0
519,user1,https://megamarket.ru/catalog/sandalii-zhenskie/,Сандалии женские,86,203.0,2024-08-08 09:58:40,2024-08-08 09:55:17,2024-08-08 09:58:40,5145,31.0
520,user1,https://megamarket.ru/catalog/knizhnye-shkafy/,Книжные шкафы,8,14.0,2024-08-08 09:58:59,2024-08-08 09:58:44,2024-08-08 09:58:59,225,40.0
521,user1,https://megamarket.ru/catalog/rybolovnye-primanki/,Приманки для рыбалки,1137,2974.0,2024-08-08 10:48:37,2024-08-08 09:59:03,2024-08-08 10:48:37,50027,38.0
522,user1,https://megamarket.ru/catalog/generatory-elektrostancii-/,Генераторы,287,648.0,2024-08-08 10:59:30,2024-08-08 10:48:42,2024-08-08 10:59:30,8012,40.0
523,user1,https://megamarket.ru/catalog/limonady-i-gazirovannye-napitki/,Газированные напитки,150,602.0,2024-08-08 11:09:38,2024-08-08 10:59:35,2024-08-08 11:09:38,6562,48.0
524,user1,https://megamarket.ru/catalog/vitaminy-458875/,Витамины и витаминные комплексы,75,322.0,2024-08-08 11:15:05,2024-08-08 11:09:42,2024-08-08 11:15:05,3283,40.0
525,user1,https://megamarket.ru/catalog/pazly/,Пазлы,1008,3071.0,2024-08-08 12:06:20,2024-08-08 11:15:09,2024-08-08 12:06:20,44336,56.0
526,user1,https://megamarket.ru/catalog/prezervativy/,Презервативы,193,380.0,2024-08-08 12:12:44,2024-08-08 12:06:24,2024-08-08 12:12:44,8454,39.0
527,user1,https://megamarket.ru/catalog/barbekyu-grili/,Барбекю-грили для дачи,21,48.0,2024-08-08 12:13:37,2024-08-08 12:12:49,2024-08-08 12:13:37,868,40.0
528,user1,https://megamarket.ru/catalog/igrovye-monitory/,Игровые мониторы,57,116.0,2024-08-08 12:15:38,2024-08-08 12:13:41,2024-08-08 12:15:38,2470,21.0
529,user1,https://megamarket.ru/catalog/aksessuary-dlya-printerov/,Аксессуары для принтеров,520,945.0,2024-08-08 12:31:26,2024-08-08 12:15:42,2024-08-08 12:31:26,22868,36.0
530,user1,https://megamarket.ru/catalog/kolca/,Кольца,655,1826.0,2024-08-08 13:01:57,2024-08-08 12:31:31,2024-08-08 13:01:57,39265,32.0
531,user1,https://megamarket.ru/catalog/podstilki-dlya-selskohozyaystvennyh-zhivotnyh/,Подстилки для сельскохозяйственных животных,3,5.0,2024-08-08 13:02:07,2024-08-08 13:02:02,2024-08-08 13:02:07,109,20.0
532,user1,https://megamarket.ru/catalog/odezhda-dlya-devochek/,Одежда для девочек,146,460.0,2024-08-08 13:09:52,2024-08-08 13:02:12,2024-08-08 13:09:52,8760,75.0
533,user1,https://megamarket.ru/catalog/sredstva-dlya-lecheniya-ot-lor-zabolevaniy/,Средства для лечения ЛОР-заболеваний,35,66.0,2024-08-08 13:11:05,2024-08-08 13:09:59,2024-08-08 13:11:05,1532,40.0
535,user1,https://megamarket.ru/catalog/vibroizolyaciya/,Виброизоляция,2,4.0,2024-08-08 13:11:35,2024-08-08 13:11:31,2024-08-08 13:11:35,82,25.0
536,user1,https://megamarket.ru/catalog/zolotye-sergi/,Золотые серьги,231,587.0,2024-08-08 13:21:26,2024-08-08 13:11:39,2024-08-08 13:21:26,13826,25.0
537,user1,https://megamarket.ru/catalog/industrialnye-masla/,Индустриальные масла,83,156.0,2024-08-08 13:24:07,2024-08-08 13:21:31,2024-08-08 13:24:07,3621,25.0
538,user1,https://megamarket.ru/catalog/zapchasti-dlya-planshetov/,Запчасти для планшетов,88,160.0,2024-08-08 13:26:52,2024-08-08 13:24:12,2024-08-08 13:26:52,3842,15.0
539,user1,https://megamarket.ru/catalog/udochki-dlya-rybalki/,Удочки,445,979.0,2024-08-08 13:43:15,2024-08-08 13:26:56,2024-08-08 13:43:15,21069,37.0
540,user1,https://megamarket.ru/catalog/komplekty-eroticheskogo-belya/,Комплекты эротического белья,68,131.0,2024-08-08 13:45:31,2024-08-08 13:43:20,2024-08-08 13:45:31,2975,40.0
541,user1,https://megamarket.ru/catalog/sredstva-posle-britya/,Средства после бритья,17,33.0,2024-08-08 13:46:08,2024-08-08 13:45:35,2024-08-08 13:46:08,741,50.0
542,user1,https://megamarket.ru/catalog/picca-i-osnova-dlya-piccy/,Пицца и основа для пиццы,15,29.0,2024-08-08 13:46:44,2024-08-08 13:46:15,2024-08-08 13:46:44,660,5.0
544,user1,https://megamarket.ru/catalog/biznes-podarki/,Бизнес-подарки,1003,2234.0,2024-08-08 14:24:23,2024-08-08 13:47:09,2024-08-08 14:24:23,44132,65.0
545,user1,https://megamarket.ru/catalog/svechi-dlya-avtomobiley/,Свечи автомобильные,1088,2254.0,2024-08-08 15:02:03,2024-08-08 14:24:28,2024-08-08 15:02:03,47867,41.0
546,user1,https://megamarket.ru/catalog/elektrokvadrocikly-elektromotocikly/,Электромотоциклы,2,6.0,2024-08-08 15:02:14,2024-08-08 15:02:08,2024-08-08 15:02:14,26,8.0
547,user1,https://megamarket.ru/catalog/kreatin/,Креатин,39,84.0,2024-08-08 15:03:43,2024-08-08 15:02:19,2024-08-08 15:03:43,1700,37.0
548,user1,https://megamarket.ru/catalog/sadovaya-mebel/,Садовая мебель,253,510.0,2024-08-08 15:12:18,2024-08-08 15:03:48,2024-08-08 15:12:18,11120,50.0
550,user1,https://megamarket.ru/catalog/vafli-pryaniki-pechene/,"Вафли, пряники, печенье",281,554.0,2024-08-08 15:21:58,2024-08-08 15:12:44,2024-08-08 15:21:58,12355,49.0
551,user1,https://megamarket.ru/catalog/centry-upravleniya-umnym-domom/,Центры управления умным домом,11,21.0,2024-08-08 15:22:24,2024-08-08 15:22:03,2024-08-08 15:22:24,451,35.0
552,user1,https://megamarket.ru/catalog/shezlongi-dlya-dachi/,Шезлонги для дачи,33,61.0,2024-08-08 15:23:29,2024-08-08 15:22:28,2024-08-08 15:23:29,1415,40.0
553,user1,https://megamarket.ru/catalog/boks-s-podarkom/,Бокс с подарком,207,371.0,2024-08-08 15:29:46,2024-08-08 15:23:34,2024-08-08 15:29:46,9094,50.0
554,user1,https://megamarket.ru/catalog/proekty-i-gotovye-postroyki/,Проекты и готовые постройки,16,34.0,2024-08-08 15:30:24,2024-08-08 15:29:50,2024-08-08 15:30:24,697,70.0
556,user1,https://megamarket.ru/catalog/detskie-sumki/,Детские сумки,175,321.0,2024-08-08 15:36:11,2024-08-08 15:30:50,2024-08-08 15:36:11,7697,56.0
557,user1,https://megamarket.ru/catalog/napravlyayushie-dlya-yashikov/,Направляющие для ящиков,46,86.0,2024-08-08 15:37:42,2024-08-08 15:36:16,2024-08-08 15:37:42,1986,41.0
558,user1,https://megamarket.ru/catalog/sredstva-po-uhodu-za-tehnikoy/,Средства по уходу за техникой,38,71.0,2024-08-08 15:38:58,2024-08-08 15:37:47,2024-08-08 15:38:58,1660,55.0
559,user1,https://megamarket.ru/catalog/kilty-pareo-nabory/,Наборы для бани и сауны,36,66.0,2024-08-08 15:40:09,2024-08-08 15:39:03,2024-08-08 15:40:09,1541,63.0
560,user1,https://megamarket.ru/catalog/podarochnye-konverty/,Подарочные конверты,147,257.0,2024-08-08 15:44:30,2024-08-08 15:40:13,2024-08-08 15:44:30,6429,46.0
561,user1,https://megamarket.ru/catalog/shlangi-i-telezhki/,Шланги и тележки,312,605.0,2024-08-08 15:54:39,2024-08-08 15:44:35,2024-08-08 15:54:39,13686,50.0
562,user1,https://megamarket.ru/catalog/sredstva-po-uhodu-za-odezhdoj/,Средства по уходу за одеждой,43,75.0,2024-08-08 15:55:59,2024-08-08 15:54:44,2024-08-08 15:55:59,1876,75.0
563,user1,https://megamarket.ru/catalog/stroitelnye-materialy/,Строительные материалы,353,722.0,2024-08-08 16:08:06,2024-08-08 15:56:04,2024-08-08 16:08:06,15522,89.0
565,user1,https://megamarket.ru/catalog/chehly-dlya-elektronnyh-knig/,Чехлы для электронных книг,9,16.0,2024-08-08 16:08:34,2024-08-08 16:08:18,2024-08-08 16:08:34,375,15.0
566,user1,https://megamarket.ru/catalog/lestnichnoe-oborudovanie/,Лестничное оборудование,155,303.0,2024-08-08 16:13:41,2024-08-08 16:08:38,2024-08-08 16:13:41,6779,40.0
567,user1,https://megamarket.ru/catalog/chasy-i-budilniki/,Часы и будильники,912,1939.0,2024-08-08 16:46:06,2024-08-08 16:13:46,2024-08-08 16:46:06,40128,50.0
568,user1,https://megamarket.ru/catalog/komplekty-umnogo-doma/,Комплекты умного дома,9,16.0,2024-08-08 16:46:26,2024-08-08 16:46:11,2024-08-08 16:46:26,383,37.0
571,user1,https://megamarket.ru/catalog/uhod-za-polostyu-rta-8993647/,Уход за полостью рта,269,521.0,2024-08-08 16:55:55,2024-08-08 16:47:13,2024-08-08 16:55:55,11819,46.0
574,user1,https://megamarket.ru/catalog/bady-dlya-volos-kozhi-i-nogtey/,"Витамины для волос, кожи и ногтей",73,131.0,2024-08-08 16:58:53,2024-08-08 16:56:42,2024-08-08 16:58:53,3171,44.0
575,user1,https://megamarket.ru/catalog/udliniteli-setevye-filtry-troyniki-i-komplektuyushie/,"Удлинители, сетевые фильтры, тройники и комплектующие",1067,2244.0,2024-08-08 17:36:22,2024-08-08 16:58:57,2024-08-08 17:36:22,46911,66.0
576,user1,https://megamarket.ru/catalog/naduvnye-divany/,Надувные диваны,5,14.0,2024-08-08 17:36:41,2024-08-08 17:36:27,2024-08-08 17:36:41,179,35.0
577,user1,https://megamarket.ru/catalog/kolesa-v-sbore/,Колеса в сборе,2,4.0,2024-08-08 17:36:50,2024-08-08 17:36:46,2024-08-08 17:36:50,52,1.0
578,user1,https://megamarket.ru/catalog/sredstva-dlya-zagara/,Средства для загара,171,320.0,2024-08-08 17:42:15,2024-08-08 17:36:55,2024-08-08 17:42:15,7511,55.0
580,user1,https://megamarket.ru/catalog/medicinskaya-odezhda/,Медицинская одежда,18,34.0,2024-08-08 17:42:55,2024-08-08 17:42:21,2024-08-08 17:42:55,788,40.0
581,user1,https://megamarket.ru/catalog/aptechnaya-kosmetika/,Аптечная косметика,605,1175.0,2024-08-08 18:02:34,2024-08-08 17:43:00,2024-08-08 18:02:34,26594,41.0
583,user1,https://megamarket.ru/catalog/kakao-goryachiy-shokolad/,Какао и горячий шоколад,31,61.0,2024-08-08 18:04:02,2024-08-08 18:03:01,2024-08-08 18:04:02,1358,40.0
585,user1,https://megamarket.ru/catalog/intimnaya-kosmetika/,Интимная косметика,253,455.0,2024-08-08 18:12:03,2024-08-08 18:04:28,2024-08-08 18:12:03,11124,38.0
586,user1,https://megamarket.ru/catalog/domashnyaya-odezhda-i-bele-dlya-podrostkov/,Домашняя одежда и белье для подростков,70,135.0,2024-08-08 18:14:24,2024-08-08 18:12:08,2024-08-08 18:14:24,3063,53.0
587,user1,https://megamarket.ru/catalog/basseyny-dlya-dachi/,Бассейны для дачи,32,63.0,2024-08-08 18:15:32,2024-08-08 18:14:29,2024-08-08 18:15:32,1376,50.0
588,user1,https://megamarket.ru/catalog/kontejnery-dlya-korma/,Контейнеры для корма,7,13.0,2024-08-08 18:15:50,2024-08-08 18:15:37,2024-08-08 18:15:50,281,38.0
589,user1,https://megamarket.ru/catalog/shkolnye-sumki-ryukzaki-i-rancy/,"Школьные сумки, рюкзаки и ранцы",686,1354.0,2024-08-08 18:38:30,2024-08-08 18:15:56,2024-08-08 18:38:30,30178,48.0
590,user1,https://megamarket.ru/catalog/klapany-pritochnye/,Клапаны приточные,9,15.0,2024-08-08 18:38:50,2024-08-08 18:38:35,2024-08-08 18:38:50,377,35.0
591,user1,https://megamarket.ru/catalog/turisticheskaya-mebel/,Туристическая мебель,157,303.0,2024-08-08 18:44:02,2024-08-08 18:38:59,2024-08-08 18:44:02,6888,44.0
592,user1,https://megamarket.ru/catalog/derzhateli-dlya-vannoj-komnaty/,Держатели для ванной комнаты,1101,2176.0,2024-08-08 19:20:23,2024-08-08 18:44:07,2024-08-08 19:20:23,48400,78.0
593,user1,https://megamarket.ru/catalog/gazosvarochnoe-oborudovanie/,Газосварочное оборудование,99,170.0,2024-08-08 19:23:18,2024-08-08 19:20:29,2024-08-08 19:23:18,4327,52.0
594,user1,https://megamarket.ru/catalog/konservy/,Консервация,274,532.0,2024-08-08 19:32:15,2024-08-08 19:23:23,2024-08-08 19:32:15,12056,40.0
596,user1,https://megamarket.ru/catalog/besprovodnye-naushniki/,Беспроводные наушники,536,956.0,2024-08-08 19:48:37,2024-08-08 19:32:41,2024-08-08 19:48:37,12846,99.0
597,user1,https://megamarket.ru/catalog/kolgotki/,Женские колготки,331,747.0,2024-08-08 20:01:10,2024-08-08 19:48:42,2024-08-08 20:01:10,19813,59.0
598,user1,https://megamarket.ru/catalog/braslety/,Браслеты,195,451.0,2024-08-08 20:08:45,2024-08-08 20:01:15,2024-08-08 20:08:45,11687,79.0
601,user1,https://megamarket.ru/catalog/myagkie-igrushki/,Мягкие игрушки,993,2074.0,2024-08-08 20:43:46,2024-08-08 20:09:12,2024-08-08 20:43:46,43692,56.0
602,user1,https://megamarket.ru/catalog/intimnaya-kosmetika-i-parfyumeriya/,Интимная косметика и парфюмерия,495,858.0,2024-08-08 20:58:09,2024-08-08 20:43:51,2024-08-08 20:58:09,21767,38.0
603,user1,https://megamarket.ru/catalog/rukodelie/,Рукоделие,770,1537.0,2024-08-08 21:23:52,2024-08-08 20:58:15,2024-08-08 21:23:52,33867,56.0
605,user1,https://megamarket.ru/catalog/petli-mebelnye/,Петли мебельные,43,75.0,2024-08-08 21:25:33,2024-08-08 21:24:18,2024-08-08 21:25:33,1884,62.0
606,user1,https://megamarket.ru/catalog/elektroustanovochnye-izdeliya/,"Розетки, выключатели и рамки",1137,2294.0,2024-08-08 22:03:52,2024-08-08 21:25:38,2024-08-08 22:03:52,50027,54.0
